Date,day of week
7/30/21,Friday
7/31/21,Saturday
8/1/21,Sunday
8/2/21,Monday
8/4/21,Wednesday
8/5/21,Thursday
8/6/21,Friday
8/7/21,Saturday
8/8/21,Sunday
8/9/21,Monday
8/10/21,Tuesday
8/11/21,Wednesday
8/12/21,Thursday
8/13/21,Friday
8/14/21,Saturday
8/15/21,Sunday
8/16/21,Monday
8/17/21,Tuesday
8/18/21,Wednesday
8/19/21,Thursday
8/20/21,Friday
8/21/21,Saturday
8/22/21,Sunday
8/23/21,Monday
8/24/21,Tuesday
8/25/21,Wednesday
8/26/21,Thursday
8/27/21,Friday
8/28/21,Saturday
8/29/21,Sunday
8/30/21,Monday
8/31/21,Tuesday
9/1/21,Wednesday
9/2/21,Thursday
9/3/21,Friday
9/4/21,Saturday
9/5/21,Sunday
9/6/21,Monday
9/7/21,Tuesday
9/8/21,Wednesday
9/9/21,Thursday
9/10/21,Friday
9/11/21,Saturday
9/12/21,Sunday
9/13/21,Monday
9/14/21,Tuesday
9/15/21,Wednesday
9/16/21,Thursday
9/17/21,Friday
9/18/21,Saturday
9/19/21,Sunday
9/20/21,Monday
9/21/21,Tuesday
9/22/21,Wednesday
9/23/21,Thursday
9/24/21,Friday
9/25/21,Saturday
9/26/21,Sunday
9/27/21,Monday
9/28/21,Tuesday
9/29/21,Wednesday
9/30/21,Thursday
10/1/21,Friday
10/2/21,Saturday
10/3/21,Sunday
10/4/21,Monday
10/5/21,Tuesday
10/6/21,Wednesday
10/7/21,Thursday
10/8/21,Friday
10/9/21,Saturday
10/10/21,Sunday
10/11/21,Monday
10/12/21,Tuesday
10/13/21,Wednesday
10/14/21,Thursday
10/15/21,Friday
10/16/21,Saturday
10/17/21,Sunday
10/18/21,Monday
10/19/21,Tuesday
10/20/21,Wednesday
10/21/21,Thursday
10/22/21,Friday
10/23/21,Saturday
10/24/21,Sunday
10/25/21,Monday
10/26/21,Tuesday
10/27/21,Wednesday
10/28/21,Thursday
10/29/21,Friday
10/30/21,Saturday
10/31/21,Sunday
11/1/21,Monday
11/2/21,Tuesday
11/3/21,Wednesday
11/4/21,Thursday
11/5/21,Friday
11/6/21,Saturday
11/7/21,Sunday
11/8/21,Monday
11/9/21,Tuesday
11/10/21,Wednesday
11/11/21,Thursday
11/12/21,Friday
11/13/21,Saturday
11/14/21,Sunday
11/15/21,Monday
11/16/21,Tuesday
11/17/21,Wednesday
11/18/21,Thursday
11/19/21,Friday
11/20/21,Saturday
11/21/21,Sunday
11/22/21,Monday
11/23/21,Tuesday
11/24/21,Wednesday
11/25/21,Thursday
11/26/21,Friday
11/27/21,Saturday
11/28/21,Sunday
11/29/21,Monday
11/30/21,Tuesday
12/1/21,Wednesday
12/2/21,Thursday
12/3/21,Friday
12/4/21,Saturday
12/5/21,Sunday
12/6/21,Monday
12/7/21,Tuesday
12/8/21,Wednesday
12/9/21,Thursday
12/10/21,Friday
12/11/21,Saturday
12/12/21,Sunday
12/13/21,Monday
12/14/21,Tuesday
12/15/21,Wednesday
12/16/21,Thursday
12/17/21,Friday
12/18/21,Saturday
12/19/21,Sunday
12/20/21,Monday
12/21/21,Tuesday
12/22/21,Wednesday
12/23/21,Thursday
12/24/21,Friday
12/25/21,Saturday
12/26/21,Sunday
12/27/21,Monday
12/28/21,Tuesday
12/29/21,Wednesday
12/30/21,Thursday
12/31/21,Friday
1/1/22,Saturday
1/2/22,Sunday
1/3/22,Monday
1/4/22,Tuesday
1/5/22,Wednesday
1/6/22,Thursday
1/7/22,Friday
1/8/22,Saturday
1/9/22,Sunday
1/10/22,Monday
1/11/22,Tuesday
1/12/22,Wednesday
1/13/22,Thursday
1/14/22,Friday
1/15/22,Saturday
1/16/22,Sunday
1/17/22,Monday
1/18/22,Tuesday
1/19/22,Wednesday
1/20/22,Thursday
1/21/22,Friday
1/22/22,Saturday
1/23/22,Sunday
1/24/22,Monday
1/25/22,Tuesday
1/26/22,Wednesday
1/27/22,Thursday
1/28/22,Friday
1/29/22,Saturday
1/30/22,Sunday
1/31/22,Monday
2/1/22,Tuesday
2/2/22,Wednesday
2/3/22,Thursday
2/4/22,Friday
2/5/22,Saturday
2/6/22,Sunday
2/7/22,Monday
2/8/22,Tuesday
2/9/22,Wednesday
2/10/22,Thursday
2/11/22,Friday
2/12/22,Saturday
2/13/22,Sunday
2/14/22,Monday
2/15/22,Tuesday
2/16/22,Wednesday
2/17/22,Thursday
2/18/22,Friday
2/19/22,Saturday
2/20/22,Sunday
2/21/22,Monday
2/22/22,Tuesday
2/23/22,Wednesday
2/24/22,Thursday
2/25/22,Friday
2/26/22,Saturday
2/27/22,Sunday
2/28/22,Monday
3/1/22,Tuesday
3/2/22,Wednesday
3/3/22,Thursday
3/4/22,Friday
3/5/22,Saturday
3/6/22,Sunday
3/7/22,Monday
3/8/22,Tuesday
3/9/22,Wednesday
3/10/22,Thursday
3/11/22,Friday
3/12/22,Saturday
3/13/22,Sunday
3/14/22,Monday
3/15/22,Tuesday
3/16/22,Wednesday
3/17/22,Thursday
3/18/22,Friday
3/19/22,Saturday
3/20/22,Sunday
3/21/22,Monday
3/22/22,Tuesday
3/23/22,Wednesday
3/24/22,Thursday
3/25/22,Friday
3/26/22,Saturday
3/27/22,Sunday
3/28/22,Monday
3/29/22,Tuesday
3/30/22,Wednesday
3/31/22,Thursday
4/1/22,Friday
4/2/22,Saturday
4/3/22,Sunday
4/4/22,Monday
4/5/22,Tuesday
4/6/22,Wednesday
4/7/22,Thursday
4/8/22,Friday
4/9/22,Saturday
4/10/22,Sunday
4/11/22,Monday
4/12/22,Tuesday
4/13/22,Wednesday
4/14/22,Thursday
4/15/22,Friday
4/16/22,Saturday
4/17/22,Sunday
4/18/22,Monday
4/19/22,Tuesday
4/20/22,Wednesday
4/21/22,Thursday
4/22/22,Friday
4/23/22,Saturday
4/24/22,Sunday
4/25/22,Monday
4/26/22,Tuesday
4/27/22,Wednesday
4/28/22,Thursday
4/29/22,Friday
4/30/22,Saturday
5/1/22,Sunday
5/2/22,Monday
5/3/22,Tuesday
5/4/22,Wednesday
5/5/22,Thursday
5/6/22,Friday
5/7/22,Saturday
5/8/22,Sunday
5/9/22,Monday
5/10/22,Tuesday
5/11/22,Wednesday
5/12/22,Thursday
5/13/22,Friday
5/14/22,Saturday
5/15/22,Sunday
5/16/22,Monday
5/17/22,Tuesday
5/18/22,Wednesday
5/19/22,Thursday
5/20/22,Friday
5/21/22,Saturday
5/22/22,Sunday
5/23/22,Monday
5/24/22,Tuesday
5/25/22,Wednesday
5/26/22,Thursday
5/27/22,Friday
5/28/22,Saturday
5/29/22,Sunday
5/30/22,Monday
5/31/22,Tuesday
6/1/22,Wednesday
6/2/22,Thursday
6/3/22,Friday
6/4/22,Saturday
6/5/22,Sunday
6/6/22,Monday
6/7/22,Tuesday
6/8/22,Wednesday
6/9/22,Thursday
6/10/22,Friday
6/11/22,Saturday
6/12/22,Sunday
6/13/22,Monday
6/14/22,Tuesday
6/15/22,Wednesday
6/16/22,Thursday
6/17/22,Friday
6/18/22,Saturday
6/19/22,Sunday
6/20/22,Monday
6/21/22,Tuesday
6/22/22,Wednesday
6/23/22,Thursday
6/24/22,Friday
6/25/22,Saturday
6/26/22,Sunday
6/27/22,Monday
6/28/22,Tuesday
6/29/22,Wednesday
6/30/22,Thursday
7/1/22,Friday
7/2/22,Saturday
7/3/22,Sunday
7/4/22,Monday
7/5/22,Tuesday
7/6/22,Wednesday
7/7/22,Thursday
7/8/22,Friday
7/9/22,Saturday
7/10/22,Sunday
7/11/22,Monday
7/12/22,Tuesday
7/13/22,Wednesday
7/14/22,Thursday
7/15/22,Friday
7/16/22,Saturday
7/17/22,Sunday
7/18/22,Monday
7/19/22,Tuesday
7/20/22,Wednesday
7/21/22,Thursday
7/22/22,Friday
7/23/22,Saturday
7/24/22,Sunday
7/25/22,Monday
7/26/22,Tuesday
7/27/22,Wednesday
7/28/22,Thursday
7/29/22,Friday
7/30/22,Saturday
7/31/22,Sunday
8/1/22,Monday
8/2/22,Tuesday
8/3/22,Wednesday
8/4/22,Thursday
8/5/22,Friday
8/6/22,Saturday
8/7/22,Sunday
8/8/22,Monday
8/9/22,Tuesday
8/10/22,Wednesday
8/11/22,Thursday
8/12/22,Friday
8/13/22,Saturday
8/14/22,Sunday
8/15/22,Monday
8/16/22,Tuesday
8/17/22,Wednesday
8/18/22,Thursday
8/19/22,Friday
8/20/22,Saturday
8/21/22,Sunday
8/22/22,Monday
8/23/22,Tuesday
8/24/22,Wednesday
8/25/22,Thursday
8/26/22,Friday
8/27/22,Saturday
8/28/22,Sunday
8/29/22,Monday
8/30/22,Tuesday
8/31/22,Wednesday
9/1/22,Thursday
9/2/22,Friday
9/3/22,Saturday
9/4/22,Sunday
9/5/22,Monday
9/6/22,Tuesday
9/7/22,Wednesday
9/8/22,Thursday
9/9/22,Friday
9/10/22,Saturday
9/11/22,Sunday
9/12/22,Monday
9/13/22,Tuesday
9/14/22,Wednesday
9/15/22,Thursday
9/16/22,Friday
9/17/22,Saturday
9/18/22,Sunday
9/19/22,Monday
9/20/22,Tuesday
9/21/22,Wednesday
9/22/22,Thursday
9/23/22,Friday
9/24/22,Saturday
9/25/22,Sunday
9/26/22,Monday
9/27/22,Tuesday
9/28/22,Wednesday
9/29/22,Thursday
9/30/22,Friday
10/1/22,Saturday
10/2/22,Sunday
10/3/22,Monday
10/4/22,Tuesday
10/5/22,Wednesday
10/6/22,Thursday
10/7/22,Friday
10/8/22,Saturday
10/9/22,Sunday
10/10/22,Monday
10/11/22,Tuesday
10/12/22,Wednesday
10/13/22,Thursday
10/14/22,Friday
10/15/22,Saturday
10/16/22,Sunday
10/17/22,Monday
10/18/22,Tuesday
10/19/22,Wednesday
10/20/22,Thursday
10/21/22,Friday
10/22/22,Saturday
10/23/22,Sunday
10/24/22,Monday
10/25/22,Tuesday
10/26/22,Wednesday
10/27/22,Thursday
10/28/22,Friday
10/29/22,Saturday
10/30/22,Sunday
10/31/22,Monday
11/1/22,Tuesday
11/2/22,Wednesday
11/3/22,Thursday
11/4/22,Friday
11/5/22,Saturday
11/6/22,Sunday
11/7/22,Monday
11/8/22,Tuesday
11/9/22,Wednesday
11/10/22,Thursday
11/11/22,Friday
11/12/22,Saturday
11/13/22,Sunday
11/14/22,Monday
11/15/22,Tuesday
11/16/22,Wednesday
11/17/22,Thursday
11/18/22,Friday
11/19/22,Saturday
11/20/22,Sunday
11/21/22,Monday
11/22/22,Tuesday
11/23/22,Wednesday
11/24/22,Thursday
11/25/22,Friday
11/26/22,Saturday
11/27/22,Sunday
11/28/22,Monday
11/29/22,Tuesday
11/30/22,Wednesday
12/1/22,Thursday
12/2/22,Friday
12/3/22,Saturday
12/4/22,Sunday
12/5/22,Monday
12/6/22,Tuesday
12/7/22,Wednesday
12/8/22,Thursday
12/9/22,Friday
12/10/22,Saturday
12/11/22,Sunday
12/12/22,Monday
12/13/22,Tuesday
12/14/22,Wednesday
12/15/22,Thursday
12/16/22,Friday
12/17/22,Saturday
12/18/22,Sunday
12/19/22,Monday
12/20/22,Tuesday
12/21/22,Wednesday
12/22/22,Thursday
12/23/22,Friday
12/24/22,Saturday
12/25/22,Sunday
12/26/22,Monday
12/27/22,Tuesday
12/28/22,Wednesday
12/29/22,Thursday
12/30/22,Friday
12/31/22,Saturday
1/1/23,Sunday
1/2/23,Monday
1/3/23,Tuesday
1/4/23,Wednesday
1/5/23,Thursday
1/6/23,Friday
1/7/23,Saturday
1/8/23,Sunday
1/9/23,Monday
1/10/23,Tuesday
1/11/23,Wednesday
1/12/23,Thursday
1/13/23,Friday
1/14/23,Saturday
1/15/23,Sunday
1/16/23,Monday
1/17/23,Tuesday
1/18/23,Wednesday
1/19/23,Thursday
1/20/23,Friday
1/21/23,Saturday
1/22/23,Sunday
1/23/23,Monday
1/24/23,Tuesday
1/25/23,Wednesday
1/26/23,Thursday
1/27/23,Friday
1/28/23,Saturday
1/29/23,Sunday
1/30/23,Monday
1/31/23,Tuesday
2/1/23,Wednesday
2/2/23,Thursday
2/3/23,Friday
2/4/23,Saturday
2/5/23,Sunday
2/6/23,Monday
2/7/23,Tuesday
2/8/23,Wednesday
2/9/23,Thursday
2/10/23,Friday
2/11/23,Saturday
2/12/23,Sunday
2/13/23,Monday
2/14/23,Tuesday
2/15/23,Wednesday
2/16/23,Thursday
2/17/23,Friday
2/18/23,Saturday
2/19/23,Sunday
2/20/23,Monday
2/21/23,Tuesday
2/22/23,Wednesday
2/23/23,Thursday
2/24/23,Friday
2/25/23,Saturday
2/26/23,Sunday
2/27/23,Monday
2/28/23,Tuesday
3/1/23,Wednesday
3/2/23,Thursday
3/3/23,Friday
3/4/23,Saturday
3/5/23,Sunday
3/6/23,Monday
3/7/23,Tuesday
3/8/23,Wednesday
3/9/23,Thursday
3/10/23,Friday
3/11/23,Saturday
3/12/23,Sunday
3/13/23,Monday
3/14/23,Tuesday
3/15/23,Wednesday
3/16/23,Thursday
3/17/23,Friday
3/18/23,Saturday
3/19/23,Sunday
3/20/23,Monday
3/21/23,Tuesday
3/22/23,Wednesday
3/23/23,Thursday
3/24/23,Friday
3/25/23,Saturday
3/26/23,Sunday
3/27/23,Monday
3/28/23,Tuesday
3/29/23,Wednesday
3/30/23,Thursday
3/31/23,Friday
4/1/23,Saturday
4/2/23,Sunday
4/3/23,Monday
4/4/23,Tuesday
4/5/23,Wednesday
4/6/23,Thursday
4/7/23,Friday
4/8/23,Saturday
4/9/23,Sunday
4/10/23,Monday
4/11/23,Tuesday
4/12/23,Wednesday
4/13/23,Thursday
4/14/23,Friday
4/15/23,Saturday
4/16/23,Sunday
4/17/23,Monday
4/18/23,Tuesday
4/19/23,Wednesday
4/20/23,Thursday
4/21/23,Friday
4/22/23,Saturday
4/23/23,Sunday
4/24/23,Monday
4/25/23,Tuesday
4/26/23,Wednesday
4/27/23,Thursday
4/28/23,Friday
4/29/23,Saturday
4/30/23,Sunday
5/1/23,Monday
5/2/23,Tuesday
5/3/23,Wednesday
5/4/23,Thursday
5/5/23,Friday
5/6/23,Saturday
5/7/23,Sunday
5/8/23,Monday
5/9/23,Tuesday
5/10/23,Wednesday
5/11/23,Thursday
5/12/23,Friday
5/13/23,Saturday
5/14/23,Sunday
5/15/23,Monday
5/16/23,Tuesday
5/17/23,Wednesday
5/18/23,Thursday
5/19/23,Friday
5/20/23,Saturday
5/21/23,Sunday
5/22/23,Monday
5/23/23,Tuesday
5/24/23,Wednesday
5/25/23,Thursday
5/26/23,Friday
5/27/23,Saturday
5/28/23,Sunday
5/29/23,Monday
5/30/23,Tuesday
5/31/23,Wednesday
6/1/23,Thursday
6/2/23,Friday
6/3/23,Saturday
6/4/23,Sunday
6/5/23,Monday
6/6/23,Tuesday
6/7/23,Wednesday
6/8/23,Thursday
6/9/23,Friday
6/10/23,Saturday
6/11/23,Sunday
6/12/23,Monday
6/13/23,Tuesday
6/14/23,Wednesday
6/15/23,Thursday
6/16/23,Friday
6/17/23,Saturday
6/18/23,Sunday
6/19/23,Monday
6/20/23,Tuesday
6/21/23,Wednesday
6/22/23,Thursday
6/23/23,Friday
6/24/23,Saturday
6/25/23,Sunday
6/26/23,Monday
6/27/23,Tuesday
6/28/23,Wednesday
6/29/23,Thursday
6/30/23,Friday
7/1/23,Saturday
7/2/23,Sunday
7/3/23,Monday
7/4/23,Tuesday
7/5/23,Wednesday
7/6/23,Thursday
7/7/23,Friday
7/8/23,Saturday
7/9/23,Sunday
7/10/23,Monday
7/11/23,Tuesday
7/12/23,Wednesday
7/13/23,Thursday
7/14/23,Friday
7/15/23,Saturday
7/16/23,Sunday
7/17/23,Monday
7/18/23,Tuesday
7/19/23,Wednesday
7/20/23,Thursday
7/21/23,Friday
7/22/23,Saturday
7/23/23,Sunday
7/24/23,Monday
7/25/23,Tuesday
7/26/23,Wednesday
7/27/23,Thursday
7/28/23,Friday
7/29/23,Saturday
7/30/23,Sunday
7/31/23,Monday
8/1/23,Tuesday
8/2/23,Wednesday
8/3/23,Thursday
8/4/23,Friday
8/5/23,Saturday
8/6/23,Sunday
8/7/23,Monday
8/8/23,Tuesday
8/9/23,Wednesday
8/10/23,Thursday
8/11/23,Friday
8/12/23,Saturday
8/13/23,Sunday
8/14/23,Monday
8/15/23,Tuesday
8/16/23,Wednesday
8/17/23,Thursday
8/18/23,Friday
8/19/23,Saturday
8/20/23,Sunday
8/21/23,Monday
8/22/23,Tuesday
8/23/23,Wednesday
8/24/23,Thursday
8/25/23,Friday
8/26/23,Saturday
8/27/23,Sunday
8/28/23,Monday
8/29/23,Tuesday
8/30/23,Wednesday
8/31/23,Thursday
9/1/23,Friday
9/2/23,Saturday
9/3/23,Sunday
9/4/23,Monday
9/5/23,Tuesday
9/6/23,Wednesday
9/7/23,Thursday
9/8/23,Friday
9/9/23,Saturday
9/10/23,Sunday
9/11/23,Monday
9/12/23,Tuesday
9/13/23,Wednesday
9/14/23,Thursday
9/15/23,Friday
9/16/23,Saturday
9/17/23,Sunday
9/18/23,Monday
9/19/23,Tuesday
9/20/23,Wednesday
9/21/23,Thursday
9/22/23,Friday
9/23/23,Saturday
9/24/23,Sunday
9/25/23,Monday
9/26/23,Tuesday
9/27/23,Wednesday
9/28/23,Thursday
9/29/23,Friday
9/30/23,Saturday
10/1/23,Sunday
10/2/23,Monday
10/3/23,Tuesday
10/4/23,Wednesday
10/5/23,Thursday
10/6/23,Friday
10/7/23,Saturday
10/8/23,Sunday
10/9/23,Monday
10/10/23,Tuesday
10/11/23,Wednesday
10/12/23,Thursday
10/13/23,Friday
10/14/23,Saturday
10/15/23,Sunday
10/16/23,Monday
10/17/23,Tuesday
10/18/23,Wednesday
10/19/23,Thursday
10/20/23,Friday
10/21/23,Saturday
10/22/23,Sunday
10/23/23,Monday
10/24/23,Tuesday
10/25/23,Wednesday
10/26/23,Thursday
10/27/23,Friday
10/28/23,Saturday
10/29/23,Sunday
10/30/23,Monday
10/31/23,Tuesday
11/1/23,Wednesday
11/2/23,Thursday
11/3/23,Friday
11/4/23,Saturday
11/5/23,Sunday
11/6/23,Monday
11/7/23,Tuesday
11/8/23,Wednesday
11/9/23,Thursday
11/10/23,Friday
11/11/23,Saturday
11/12/23,Sunday
11/13/23,Monday
11/14/23,Tuesday
11/15/23,Wednesday
11/16/23,Thursday
11/17/23,Friday
11/18/23,Saturday
11/19/23,Sunday
11/20/23,Monday
11/21/23,Tuesday
11/22/23,Wednesday
11/23/23,Thursday
11/24/23,Friday
11/25/23,Saturday
11/26/23,Sunday
11/27/23,Monday
11/28/23,Tuesday
11/29/23,Wednesday
11/30/23,Thursday
12/1/23,Friday
12/2/23,Saturday
12/3/23,Sunday
12/4/23,Monday
12/5/23,Tuesday
12/6/23,Wednesday
12/7/23,Thursday
12/8/23,Friday
12/9/23,Saturday
12/10/23,Sunday
12/11/23,Monday
12/12/23,Tuesday
12/13/23,Wednesday
12/14/23,Thursday
12/15/23,Friday
12/16/23,Saturday
12/17/23,Sunday
12/18/23,Monday
12/19/23,Tuesday
12/20/23,Wednesday
12/21/23,Thursday
12/22/23,Friday
12/23/23,Saturday
12/24/23,Sunday
12/25/23,Monday
12/26/23,Tuesday
12/27/23,Wednesday
12/28/23,Thursday
12/29/23,Friday
12/30/23,Saturday
12/31/23,Sunday
1/1/24,Monday
1/2/24,Tuesday
1/3/24,Wednesday
1/4/24,Thursday
1/5/24,Friday
1/6/24,Saturday
1/7/24,Sunday
1/8/24,Monday
1/9/24,Tuesday
1/10/24,Wednesday
1/11/24,Thursday
1/12/24,Friday
1/13/24,Saturday
1/14/24,Sunday
1/15/24,Monday
1/16/24,Tuesday
1/17/24,Wednesday
1/18/24,Thursday
1/19/24,Friday
1/20/24,Saturday
1/21/24,Sunday
1/22/24,Monday
1/23/24,Tuesday
1/24/24,Wednesday
1/25/24,Thursday
1/26/24,Friday
1/27/24,Saturday
1/28/24,Sunday
1/29/24,Monday
1/30/24,Tuesday
1/31/24,Wednesday
2/1/24,Thursday
2/2/24,Friday
2/3/24,Saturday
2/4/24,Sunday
2/5/24,Monday
2/6/24,Tuesday
2/7/24,Wednesday
2/8/24,Thursday
2/9/24,Friday
2/10/24,Saturday
2/11/24,Sunday
2/12/24,Monday
2/13/24,Tuesday
2/14/24,Wednesday
2/15/24,Thursday
2/16/24,Friday
2/17/24,Saturday
2/18/24,Sunday
2/19/24,Monday
2/20/24,Tuesday
2/21/24,Wednesday
2/22/24,Thursday
2/23/24,Friday
2/24/24,Saturday
2/25/24,Sunday
2/26/24,Monday
2/27/24,Tuesday
2/28/24,Wednesday
2/29/24,Thursday
3/1/24,Friday
3/2/24,Saturday
3/3/24,Sunday
3/4/24,Monday
3/5/24,Tuesday
3/6/24,Wednesday
3/7/24,Thursday
3/8/24,Friday
3/9/24,Saturday
3/10/24,Sunday
3/11/24,Monday
3/12/24,Tuesday
3/13/24,Wednesday
3/14/24,Thursday
3/15/24,Friday
3/16/24,Saturday
3/17/24,Sunday
3/18/24,Monday
3/19/24,Tuesday
3/20/24,Wednesday
3/21/24,Thursday
3/22/24,Friday
3/23/24,Saturday
3/24/24,Sunday
3/25/24,Monday
3/26/24,Tuesday
3/27/24,Wednesday
3/28/24,Thursday
3/29/24,Friday
3/30/24,Saturday
3/31/24,Sunday
4/1/24,Monday
4/2/24,Tuesday
4/3/24,Wednesday
4/4/24,Thursday
4/5/24,Friday
4/6/24,Saturday
4/7/24,Sunday
4/8/24,Monday
4/9/24,Tuesday
4/10/24,Wednesday
4/11/24,Thursday
4/12/24,Friday
4/13/24,Saturday
4/14/24,Sunday
4/15/24,Monday
4/16/24,Tuesday
4/17/24,Wednesday
4/18/24,Thursday
4/19/24,Friday
4/20/24,Saturday
4/21/24,Sunday
4/22/24,Monday
4/23/24,Tuesday
4/24/24,Wednesday
4/25/24,Thursday
4/26/24,Friday
4/27/24,Saturday
4/28/24,Sunday
4/29/24,Monday
4/30/24,Tuesday
5/1/24,Wednesday
5/2/24,Thursday
5/3/24,Friday
5/4/24,Saturday
5/5/24,Sunday
5/6/24,Monday
5/7/24,Tuesday
5/8/24,Wednesday
5/9/24,Thursday
5/10/24,Friday
5/11/24,Saturday
5/12/24,Sunday
5/13/24,Monday
5/14/24,Tuesday
5/15/24,Wednesday
5/16/24,Thursday
5/17/24,Friday
5/18/24,Saturday
5/19/24,Sunday
5/20/24,Monday
5/21/24,Tuesday
5/22/24,Wednesday
5/23/24,Thursday
5/24/24,Friday
5/25/24,Saturday
5/26/24,Sunday
5/27/24,Monday
5/28/24,Tuesday
5/29/24,Wednesday
5/30/24,Thursday
5/31/24,Friday
6/1/24,Saturday
6/2/24,Sunday
6/3/24,Monday
6/4/24,Tuesday
6/5/24,Wednesday
6/6/24,Thursday
6/7/24,Friday
6/8/24,Saturday
6/9/24,Sunday
6/10/24,Monday
6/11/24,Tuesday
6/12/24,Wednesday
6/13/24,Thursday
6/14/24,Friday
6/15/24,Saturday
6/16/24,Sunday
6/17/24,Monday
6/18/24,Tuesday
6/19/24,Wednesday
6/20/24,Thursday
6/21/24,Friday
6/22/24,Saturday
6/23/24,Sunday
6/24/24,Monday
6/25/24,Tuesday
6/26/24,Wednesday
6/27/24,Thursday
6/28/24,Friday
6/29/24,Saturday
6/30/24,Sunday
7/1/24,Monday
7/2/24,Tuesday
7/3/24,Wednesday
7/4/24,Thursday
7/5/24,Friday
7/6/24,Saturday
7/7/24,Sunday
7/8/24,Monday
7/9/24,Tuesday
7/10/24,Wednesday
7/11/24,Thursday
7/12/24,Friday
7/13/24,Saturday
7/14/24,Sunday
7/15/24,Monday
7/16/24,Tuesday
7/17/24,Wednesday
7/18/24,Thursday
7/19/24,Friday
7/20/24,Saturday
7/21/24,Sunday
7/22/24,Monday
7/23/24,Tuesday
7/24/24,Wednesday
7/25/24,Thursday
7/26/24,Friday
7/27/24,Saturday
7/28/24,Sunday
7/29/24,Monday
7/30/24,Tuesday
7/31/24,Wednesday
8/1/24,Thursday
8/2/24,Friday
8/3/24,Saturday
8/4/24,Sunday
8/5/24,Monday
8/6/24,Tuesday
8/7/24,Wednesday
8/8/24,Thursday
8/9/24,Friday
8/10/24,Saturday
8/11/24,Sunday
8/12/24,Monday
8/13/24,Tuesday
8/14/24,Wednesday
8/15/24,Thursday
8/16/24,Friday
8/17/24,Saturday
8/18/24,Sunday
8/19/24,Monday
8/20/24,Tuesday
8/21/24,Wednesday
8/22/24,Thursday
8/23/24,Friday
8/24/24,Saturday
8/25/24,Sunday
8/26/24,Monday
8/27/24,Tuesday
8/28/24,Wednesday
8/29/24,Thursday
8/30/24,Friday
8/31/24,Saturday
9/1/24,Sunday
9/2/24,Monday
9/3/24,Tuesday
9/4/24,Wednesday
9/5/24,Thursday
9/6/24,Friday
9/7/24,Saturday
9/8/24,Sunday
9/9/24,Monday
9/10/24,Tuesday
9/11/24,Wednesday
9/12/24,Thursday
9/13/24,Friday
9/14/24,Saturday
9/15/24,Sunday
9/16/24,Monday
9/17/24,Tuesday
9/18/24,Wednesday
9/19/24,Thursday
9/20/24,Friday
9/21/24,Saturday
9/22/24,Sunday
9/23/24,Monday
9/24/24,Tuesday
9/25/24,Wednesday
9/26/24,Thursday
9/27/24,Friday
9/28/24,Saturday
9/29/24,Sunday
9/30/24,Monday
10/1/24,Tuesday
10/2/24,Wednesday
10/3/24,Thursday
10/4/24,Friday
10/5/24,Saturday
10/6/24,Sunday
10/7/24,Monday
10/8/24,Tuesday
10/9/24,Wednesday
10/10/24,Thursday
10/11/24,Friday
10/12/24,Saturday
10/13/24,Sunday
10/14/24,Monday
10/15/24,Tuesday
10/16/24,Wednesday
10/17/24,Thursday
10/18/24,Friday
10/19/24,Saturday
10/20/24,Sunday
10/21/24,Monday
10/22/24,Tuesday
10/23/24,Wednesday
10/24/24,Thursday
10/25/24,Friday
10/26/24,Saturday
10/27/24,Sunday
10/28/24,Monday
10/29/24,Tuesday
10/30/24,Wednesday
10/31/24,Thursday
11/1/24,Friday
11/2/24,Saturday
11/3/24,Sunday
11/4/24,Monday
11/5/24,Tuesday
11/6/24,Wednesday
11/7/24,Thursday
11/8/24,Friday
11/9/24,Saturday
11/10/24,Sunday
11/11/24,Monday
11/12/24,Tuesday
11/13/24,Wednesday
11/14/24,Thursday
11/15/24,Friday
11/16/24,Saturday
11/17/24,Sunday
11/18/24,Monday
11/19/24,Tuesday
11/20/24,Wednesday
11/21/24,Thursday
11/22/24,Friday
11/23/24,Saturday
11/24/24,Sunday
11/25/24,Monday
11/26/24,Tuesday
11/27/24,Wednesday
11/28/24,Thursday
11/29/24,Friday
11/30/24,Saturday
12/1/24,Sunday
12/2/24,Monday
12/3/24,Tuesday
12/4/24,Wednesday
12/5/24,Thursday
12/6/24,Friday
12/7/24,Saturday
12/8/24,Sunday
12/9/24,Monday
12/10/24,Tuesday
12/11/24,Wednesday
12/12/24,Thursday
12/13/24,Friday
12/14/24,Saturday
12/15/24,Sunday
12/16/24,Monday
12/17/24,Tuesday
12/18/24,Wednesday
12/19/24,Thursday
12/20/24,Friday
12/21/24,Saturday
12/22/24,Sunday
12/23/24,Monday
12/24/24,Tuesday
12/25/24,Wednesday
12/26/24,Thursday
12/27/24,Friday
12/28/24,Saturday
12/29/24,Sunday
12/30/24,Monday
12/31/24,Tuesday
1/1/25,Wednesday
1/2/25,Thursday
1/3/25,Friday
1/4/25,Saturday
1/5/25,Sunday
1/6/25,Monday
1/7/25,Tuesday
1/8/25,Wednesday
1/9/25,Thursday
1/10/25,Friday
1/11/25,Saturday
1/12/25,Sunday
1/13/25,Monday
1/14/25,Tuesday
1/15/25,Wednesday
1/16/25,Thursday
1/17/25,Friday
1/18/25,Saturday
1/19/25,Sunday
1/20/25,Monday
1/21/25,Tuesday
1/22/25,Wednesday
1/23/25,Thursday
1/24/25,Friday
1/25/25,Saturday
1/26/25,Sunday
1/27/25,Monday
1/28/25,Tuesday
1/29/25,Wednesday
1/30/25,Thursday
1/31/25,Friday
2/1/25,Saturday
2/2/25,Sunday
2/3/25,Monday
2/4/25,Tuesday
2/5/25,Wednesday
2/6/25,Thursday
2/7/25,Friday
2/8/25,Saturday
2/9/25,Sunday
2/10/25,Monday
2/11/25,Tuesday
2/12/25,Wednesday
2/13/25,Thursday
2/14/25,Friday
2/15/25,Saturday
2/16/25,Sunday
2/17/25,Monday
2/18/25,Tuesday
2/19/25,Wednesday
2/20/25,Thursday
2/21/25,Friday
2/22/25,Saturday
2/23/25,Sunday
2/24/25,Monday
2/25/25,Tuesday
2/26/25,Wednesday
2/27/25,Thursday
2/28/25,Friday
3/1/25,Saturday
3/2/25,Sunday
3/3/25,Monday
3/4/25,Tuesday
3/5/25,Wednesday
3/6/25,Thursday
3/7/25,Friday
3/8/25,Saturday
3/9/25,Sunday
3/10/25,Monday
3/11/25,Tuesday
3/12/25,Wednesday
3/13/25,Thursday
3/14/25,Friday
3/15/25,Saturday
3/16/25,Sunday
3/17/25,Monday
3/18/25,Tuesday
3/19/25,Wednesday
3/20/25,Thursday
3/21/25,Friday
3/22/25,Saturday
3/23/25,Sunday
3/24/25,Monday
3/25/25,Tuesday
3/26/25,Wednesday
3/27/25,Thursday
3/28/25,Friday
3/29/25,Saturday
3/30/25,Sunday
3/31/25,Monday
4/1/25,Tuesday
4/2/25,Wednesday
4/3/25,Thursday
4/4/25,Friday
4/5/25,Saturday
4/6/25,Sunday
4/7/25,Monday
4/8/25,Tuesday
4/9/25,Wednesday
4/10/25,Thursday
4/11/25,Friday
4/12/25,Saturday
4/13/25,Sunday
4/14/25,Monday
4/15/25,Tuesday
4/16/25,Wednesday
4/17/25,Thursday
4/18/25,Friday
4/19/25,Saturday
4/20/25,Sunday
4/21/25,Monday
4/22/25,Tuesday
4/23/25,Wednesday
4/24/25,Thursday
4/25/25,Friday
4/26/25,Saturday
4/27/25,Sunday
4/28/25,Monday
4/29/25,Tuesday
4/30/25,Wednesday
5/1/25,Thursday
5/2/25,Friday
5/3/25,Saturday
5/4/25,Sunday
5/5/25,Monday
5/6/25,Tuesday
5/7/25,Wednesday
5/8/25,Thursday
5/9/25,Friday
5/10/25,Saturday
5/11/25,Sunday
5/12/25,Monday
5/13/25,Tuesday
5/14/25,Wednesday
5/15/25,Thursday
5/16/25,Friday
5/17/25,Saturday
5/18/25,Sunday
5/19/25,Monday
5/20/25,Tuesday
5/21/25,Wednesday
5/22/25,Thursday
5/23/25,Friday
5/24/25,Saturday
5/25/25,Sunday
5/26/25,Monday
5/27/25,Tuesday
5/28/25,Wednesday
5/29/25,Thursday
5/30/25,Friday
5/31/25,Saturday
6/1/25,Sunday
6/2/25,Monday
6/3/25,Tuesday
6/4/25,Wednesday
6/5/25,Thursday
6/6/25,Friday
6/7/25,Saturday
6/8/25,Sunday
6/9/25,Monday
6/10/25,Tuesday
6/11/25,Wednesday
6/12/25,Thursday
6/13/25,Friday
6/14/25,Saturday
6/15/25,Sunday
6/16/25,Monday
6/17/25,Tuesday
6/18/25,Wednesday
6/19/25,Thursday
6/20/25,Friday
6/21/25,Saturday
6/22/25,Sunday
6/23/25,Monday
6/24/25,Tuesday
6/25/25,Wednesday
6/26/25,Thursday
6/27/25,Friday
6/28/25,Saturday
6/29/25,Sunday
6/30/25,Monday
7/1/25,Tuesday
7/2/25,Wednesday
7/3/25,Thursday
7/4/25,Friday
7/5/25,Saturday
7/6/25,Sunday
7/7/25,Monday
7/8/25,Tuesday
7/9/25,Wednesday
7/10/25,Thursday
7/11/25,Friday
7/12/25,Saturday
7/13/25,Sunday
7/14/25,Monday
7/15/25,Tuesday
7/16/25,Wednesday
7/17/25,Thursday
7/18/25,Friday
7/19/25,Saturday
7/20/25,Sunday
7/21/25,Monday
7/22/25,Tuesday
7/23/25,Wednesday
7/24/25,Thursday
7/25/25,Friday
7/26/25,Saturday
7/27/25,Sunday
7/28/25,Monday
7/29/25,Tuesday
7/30/25,Wednesday
7/31/25,Thursday
8/1/25,Friday
8/2/25,Saturday
8/3/25,Sunday
8/4/25,Monday
8/5/25,Tuesday
8/6/25,Wednesday
8/7/25,Thursday
8/8/25,Friday
8/9/25,Saturday
8/10/25,Sunday
8/11/25,Monday
8/12/25,Tuesday
8/13/25,Wednesday
8/14/25,Thursday
8/15/25,Friday
8/16/25,Saturday
8/17/25,Sunday
8/18/25,Monday
8/19/25,Tuesday
8/20/25,Wednesday
8/21/25,Thursday
8/22/25,Friday
8/23/25,Saturday
8/24/25,Sunday
8/25/25,Monday
8/26/25,Tuesday
8/27/25,Wednesday
8/28/25,Thursday
8/29/25,Friday
8/30/25,Saturday
8/31/25,Sunday
9/1/25,Monday
9/2/25,Tuesday
9/3/25,Wednesday
9/4/25,Thursday
9/5/25,Friday
9/6/25,Saturday
9/7/25,Sunday
9/8/25,Monday
9/9/25,Tuesday
9/10/25,Wednesday
9/11/25,Thursday
9/12/25,Friday
9/13/25,Saturday
9/14/25,Sunday
9/15/25,Monday
9/16/25,Tuesday
9/17/25,Wednesday
9/18/25,Thursday
9/19/25,Friday
9/20/25,Saturday
9/21/25,Sunday
9/22/25,Monday
9/23/25,Tuesday
9/24/25,Wednesday
9/25/25,Thursday
9/26/25,Friday
9/27/25,Saturday
9/28/25,Sunday
9/29/25,Monday
9/30/25,Tuesday
10/1/25,Wednesday
10/2/25,Thursday
10/3/25,Friday
10/4/25,Saturday
10/5/25,Sunday
10/6/25,Monday
10/7/25,Tuesday
10/8/25,Wednesday
10/9/25,Thursday
10/10/25,Friday
10/11/25,Saturday
10/12/25,Sunday
10/13/25,Monday
10/14/25,Tuesday
10/15/25,Wednesday
10/16/25,Thursday
10/17/25,Friday
10/18/25,Saturday
10/19/25,Sunday
10/20/25,Monday
10/21/25,Tuesday
10/22/25,Wednesday
10/23/25,Thursday
10/24/25,Friday
10/25/25,Saturday
10/26/25,Sunday
10/27/25,Monday
10/28/25,Tuesday
10/29/25,Wednesday
10/30/25,Thursday
10/31/25,Friday
11/1/25,Saturday
11/2/25,Sunday
11/3/25,Monday
11/4/25,Tuesday
11/5/25,Wednesday
11/6/25,Thursday
11/7/25,Friday
11/8/25,Saturday
11/9/25,Sunday
11/10/25,Monday
11/11/25,Tuesday
11/12/25,Wednesday
11/13/25,Thursday
11/14/25,Friday
11/15/25,Saturday
11/16/25,Sunday
11/17/25,Monday
11/18/25,Tuesday
11/19/25,Wednesday
11/20/25,Thursday
11/21/25,Friday
11/22/25,Saturday
11/23/25,Sunday
11/24/25,Monday
11/25/25,Tuesday
11/26/25,Wednesday
11/27/25,Thursday
11/28/25,Friday
11/29/25,Saturday
11/30/25,Sunday
12/1/25,Monday
12/2/25,Tuesday
12/3/25,Wednesday
12/4/25,Thursday
12/5/25,Friday
12/6/25,Saturday
12/7/25,Sunday
12/8/25,Monday
12/9/25,Tuesday
12/10/25,Wednesday
12/11/25,Thursday
12/12/25,Friday
12/13/25,Saturday
12/14/25,Sunday
12/15/25,Monday
12/16/25,Tuesday
12/17/25,Wednesday
12/18/25,Thursday
12/19/25,Friday
12/20/25,Saturday
12/21/25,Sunday
12/22/25,Monday
12/23/25,Tuesday
12/24/25,Wednesday
12/25/25,Thursday
12/26/25,Friday
12/27/25,Saturday
12/28/25,Sunday
12/29/25,Monday
12/30/25,Tuesday
12/31/25,Wednesday
1/1/26,Thursday
1/2/26,Friday
1/3/26,Saturday
1/4/26,Sunday
1/5/26,Monday
1/6/26,Tuesday
1/7/26,Wednesday
1/8/26,Thursday
1/9/26,Friday
1/10/26,Saturday
1/11/26,Sunday
1/12/26,Monday
1/13/26,Tuesday
1/14/26,Wednesday
1/15/26,Thursday
1/16/26,Friday
1/17/26,Saturday
1/18/26,Sunday
1/19/26,Monday
1/20/26,Tuesday
1/21/26,Wednesday
1/22/26,Thursday
1/23/26,Friday
1/24/26,Saturday
1/25/26,Sunday
1/26/26,Monday
1/27/26,Tuesday
1/28/26,Wednesday
1/29/26,Thursday
1/30/26,Friday
1/31/26,Saturday
2/1/26,Sunday
2/2/26,Monday
2/3/26,Tuesday
2/4/26,Wednesday
2/5/26,Thursday
2/6/26,Friday
2/7/26,Saturday
2/8/26,Sunday
2/9/26,Monday
2/10/26,Tuesday
2/11/26,Wednesday
2/12/26,Thursday
2/13/26,Friday
2/14/26,Saturday
2/15/26,Sunday
2/16/26,Monday
2/17/26,Tuesday
2/18/26,Wednesday
2/19/26,Thursday
2/20/26,Friday
2/21/26,Saturday
2/22/26,Sunday
2/23/26,Monday
2/24/26,Tuesday
2/25/26,Wednesday
2/26/26,Thursday
2/27/26,Friday
2/28/26,Saturday
3/1/26,Sunday
3/2/26,Monday
3/3/26,Tuesday
3/4/26,Wednesday
3/5/26,Thursday
3/6/26,Friday
3/7/26,Saturday
3/8/26,Sunday
3/9/26,Monday
3/10/26,Tuesday
3/11/26,Wednesday
3/12/26,Thursday
3/13/26,Friday
3/14/26,Saturday
3/15/26,Sunday
3/16/26,Monday
3/17/26,Tuesday
3/18/26,Wednesday
3/19/26,Thursday
3/20/26,Friday
3/21/26,Saturday
3/22/26,Sunday
3/23/26,Monday
3/24/26,Tuesday
3/25/26,Wednesday
3/26/26,Thursday
3/27/26,Friday
3/28/26,Saturday
3/29/26,Sunday
3/30/26,Monday
3/31/26,Tuesday
4/1/26,Wednesday
4/2/26,Thursday
4/3/26,Friday
4/4/26,Saturday
4/5/26,Sunday
4/6/26,Monday
4/7/26,Tuesday
4/8/26,Wednesday
4/9/26,Thursday
4/10/26,Friday
4/11/26,Saturday
4/12/26,Sunday
4/13/26,Monday
4/14/26,Tuesday
4/15/26,Wednesday
4/16/26,Thursday
4/17/26,Friday
4/18/26,Saturday
4/19/26,Sunday
4/20/26,Monday
4/21/26,Tuesday
4/22/26,Wednesday
4/23/26,Thursday
4/24/26,Friday
4/25/26,Saturday
4/26/26,Sunday
4/27/26,Monday
4/28/26,Tuesday
4/29/26,Wednesday
4/30/26,Thursday
5/1/26,Friday
5/2/26,Saturday
5/3/26,Sunday
5/4/26,Monday
5/5/26,Tuesday
5/6/26,Wednesday
5/7/26,Thursday
5/8/26,Friday
5/9/26,Saturday
5/10/26,Sunday
5/11/26,Monday
5/12/26,Tuesday
5/13/26,Wednesday
5/14/26,Thursday
5/15/26,Friday
5/16/26,Saturday
5/17/26,Sunday
5/18/26,Monday
5/19/26,Tuesday
5/20/26,Wednesday
5/21/26,Thursday
5/22/26,Friday
5/23/26,Saturday
5/24/26,Sunday
5/25/26,Monday
5/26/26,Tuesday
5/27/26,Wednesday
5/28/26,Thursday
5/29/26,Friday
5/30/26,Saturday
5/31/26,Sunday
6/1/26,Monday
6/2/26,Tuesday
6/3/26,Wednesday
6/4/26,Thursday
6/5/26,Friday
6/6/26,Saturday
6/7/26,Sunday
6/8/26,Monday
6/9/26,Tuesday
6/10/26,Wednesday
6/11/26,Thursday
6/12/26,Friday
6/13/26,Saturday
6/14/26,Sunday
6/15/26,Monday
6/16/26,Tuesday
6/17/26,Wednesday
6/18/26,Thursday
6/19/26,Friday
6/20/26,Saturday
6/21/26,Sunday
6/22/26,Monday
6/23/26,Tuesday
6/24/26,Wednesday
6/25/26,Thursday
6/26/26,Friday
6/27/26,Saturday
6/28/26,Sunday
6/29/26,Monday
6/30/26,Tuesday
7/1/26,Wednesday
7/2/26,Thursday
7/3/26,Friday
7/4/26,Saturday
7/5/26,Sunday
7/6/26,Monday
7/7/26,Tuesday
7/8/26,Wednesday
7/9/26,Thursday
7/10/26,Friday
7/11/26,Saturday
7/12/26,Sunday
7/13/26,Monday
7/14/26,Tuesday
7/15/26,Wednesday
7/16/26,Thursday
7/17/26,Friday
7/18/26,Saturday
7/19/26,Sunday
7/20/26,Monday
7/21/26,Tuesday
7/22/26,Wednesday
7/23/26,Thursday
7/24/26,Friday
7/25/26,Saturday
7/26/26,Sunday
7/27/26,Monday
7/28/26,Tuesday
7/29/26,Wednesday
7/30/26,Thursday
7/31/26,Friday
8/1/26,Saturday
8/2/26,Sunday
8/3/26,Monday
8/4/26,Tuesday
8/5/26,Wednesday
8/6/26,Thursday
8/7/26,Friday
8/8/26,Saturday
8/9/26,Sunday
8/10/26,Monday
8/11/26,Tuesday
8/12/26,Wednesday
8/13/26,Thursday
8/14/26,Friday
8/15/26,Saturday
8/16/26,Sunday
8/17/26,Monday
8/18/26,Tuesday
8/19/26,Wednesday
8/20/26,Thursday
8/21/26,Friday
8/22/26,Saturday
8/23/26,Sunday
8/24/26,Monday
8/25/26,Tuesday
8/26/26,Wednesday
8/27/26,Thursday
8/28/26,Friday
8/29/26,Saturday
8/30/26,Sunday
8/31/26,Monday
9/1/26,Tuesday
9/2/26,Wednesday
9/3/26,Thursday
9/4/26,Friday
9/5/26,Saturday
9/6/26,Sunday
9/7/26,Monday
9/8/26,Tuesday
9/9/26,Wednesday
9/10/26,Thursday
9/11/26,Friday
9/12/26,Saturday
9/13/26,Sunday
9/14/26,Monday
9/15/26,Tuesday
9/16/26,Wednesday
9/17/26,Thursday
9/18/26,Friday
9/19/26,Saturday
9/20/26,Sunday
9/21/26,Monday
9/22/26,Tuesday
9/23/26,Wednesday
9/24/26,Thursday
9/25/26,Friday
9/26/26,Saturday
9/27/26,Sunday
9/28/26,Monday
9/29/26,Tuesday
9/30/26,Wednesday
10/1/26,Thursday
10/2/26,Friday
10/3/26,Saturday
10/4/26,Sunday
10/5/26,Monday
10/6/26,Tuesday
10/7/26,Wednesday
10/8/26,Thursday
10/9/26,Friday
10/10/26,Saturday
10/11/26,Sunday
10/12/26,Monday
10/13/26,Tuesday
10/14/26,Wednesday
10/15/26,Thursday
10/16/26,Friday
10/17/26,Saturday
10/18/26,Sunday
10/19/26,Monday
10/20/26,Tuesday
10/21/26,Wednesday
10/22/26,Thursday
10/23/26,Friday
10/24/26,Saturday
10/25/26,Sunday
10/26/26,Monday
10/27/26,Tuesday
10/28/26,Wednesday
10/29/26,Thursday
10/30/26,Friday
10/31/26,Saturday
11/1/26,Sunday
11/2/26,Monday
11/3/26,Tuesday
11/4/26,Wednesday
11/5/26,Thursday
11/6/26,Friday
11/7/26,Saturday
11/8/26,Sunday
11/9/26,Monday
11/10/26,Tuesday
11/11/26,Wednesday
11/12/26,Thursday
11/13/26,Friday
11/14/26,Saturday
11/15/26,Sunday
11/16/26,Monday
11/17/26,Tuesday
11/18/26,Wednesday
11/19/26,Thursday
11/20/26,Friday
11/21/26,Saturday
11/22/26,Sunday
11/23/26,Monday
11/24/26,Tuesday
11/25/26,Wednesday
11/26/26,Thursday
11/27/26,Friday
11/28/26,Saturday
11/29/26,Sunday
11/30/26,Monday
12/1/26,Tuesday
12/2/26,Wednesday
12/3/26,Thursday
12/4/26,Friday
12/5/26,Saturday
12/6/26,Sunday
12/7/26,Monday
12/8/26,Tuesday
12/9/26,Wednesday
12/10/26,Thursday
12/11/26,Friday
12/12/26,Saturday
12/13/26,Sunday
12/14/26,Monday
12/15/26,Tuesday
12/16/26,Wednesday
12/17/26,Thursday
12/18/26,Friday
12/19/26,Saturday
12/20/26,Sunday
12/21/26,Monday
12/22/26,Tuesday
12/23/26,Wednesday
12/24/26,Thursday
12/25/26,Friday
12/26/26,Saturday
12/27/26,Sunday
12/28/26,Monday
12/29/26,Tuesday
12/30/26,Wednesday
12/31/26,Thursday
1/1/27,Friday
1/2/27,Saturday
1/3/27,Sunday
1/4/27,Monday
1/5/27,Tuesday
1/6/27,Wednesday
1/7/27,Thursday
1/8/27,Friday
1/9/27,Saturday
1/10/27,Sunday
1/11/27,Monday
1/12/27,Tuesday
1/13/27,Wednesday
1/14/27,Thursday
1/15/27,Friday
1/16/27,Saturday
1/17/27,Sunday
1/18/27,Monday
1/19/27,Tuesday
1/20/27,Wednesday
1/21/27,Thursday
1/22/27,Friday
1/23/27,Saturday
1/24/27,Sunday
1/25/27,Monday
1/26/27,Tuesday
1/27/27,Wednesday
1/28/27,Thursday
1/29/27,Friday
1/30/27,Saturday
1/31/27,Sunday
2/1/27,Monday
2/2/27,Tuesday
2/3/27,Wednesday
2/4/27,Thursday
2/5/27,Friday
2/6/27,Saturday
2/7/27,Sunday
2/8/27,Monday
2/9/27,Tuesday
2/10/27,Wednesday
2/11/27,Thursday
2/12/27,Friday
2/13/27,Saturday
2/14/27,Sunday
2/15/27,Monday
2/16/27,Tuesday
2/17/27,Wednesday
2/18/27,Thursday
2/19/27,Friday
2/20/27,Saturday
2/21/27,Sunday
2/22/27,Monday
2/23/27,Tuesday
2/24/27,Wednesday
2/25/27,Thursday
2/26/27,Friday
2/27/27,Saturday
2/28/27,Sunday
3/1/27,Monday
3/2/27,Tuesday
3/3/27,Wednesday
3/4/27,Thursday
3/5/27,Friday
3/6/27,Saturday
3/7/27,Sunday
3/8/27,Monday
3/9/27,Tuesday
3/10/27,Wednesday
3/11/27,Thursday
3/12/27,Friday
3/13/27,Saturday
3/14/27,Sunday
3/15/27,Monday
3/16/27,Tuesday
3/17/27,Wednesday
3/18/27,Thursday
3/19/27,Friday
3/20/27,Saturday
3/21/27,Sunday
3/22/27,Monday
3/23/27,Tuesday
3/24/27,Wednesday
3/25/27,Thursday
3/26/27,Friday
3/27/27,Saturday
3/28/27,Sunday
3/29/27,Monday
3/30/27,Tuesday
3/31/27,Wednesday
4/1/27,Thursday
4/2/27,Friday
4/3/27,Saturday
4/4/27,Sunday
4/5/27,Monday
4/6/27,Tuesday
4/7/27,Wednesday
4/8/27,Thursday
4/9/27,Friday
4/10/27,Saturday
4/11/27,Sunday
4/12/27,Monday
4/13/27,Tuesday
4/14/27,Wednesday
4/15/27,Thursday
4/16/27,Friday
4/17/27,Saturday
4/18/27,Sunday
4/19/27,Monday
4/20/27,Tuesday
4/21/27,Wednesday
4/22/27,Thursday
4/23/27,Friday
4/24/27,Saturday
4/25/27,Sunday
4/26/27,Monday
4/27/27,Tuesday
4/28/27,Wednesday
4/29/27,Thursday
4/30/27,Friday
5/1/27,Saturday
5/2/27,Sunday
5/3/27,Monday
5/4/27,Tuesday
5/5/27,Wednesday
5/6/27,Thursday
5/7/27,Friday
5/8/27,Saturday
5/9/27,Sunday
5/10/27,Monday
5/11/27,Tuesday
5/12/27,Wednesday
5/13/27,Thursday
5/14/27,Friday
5/15/27,Saturday
5/16/27,Sunday
5/17/27,Monday
5/18/27,Tuesday
5/19/27,Wednesday
5/20/27,Thursday
5/21/27,Friday
5/22/27,Saturday
5/23/27,Sunday
5/24/27,Monday
5/25/27,Tuesday
5/26/27,Wednesday
5/27/27,Thursday
5/28/27,Friday
5/29/27,Saturday
5/30/27,Sunday
5/31/27,Monday
6/1/27,Tuesday
6/2/27,Wednesday
6/3/27,Thursday
6/4/27,Friday
6/5/27,Saturday
6/6/27,Sunday
6/7/27,Monday
6/8/27,Tuesday
6/9/27,Wednesday
6/10/27,Thursday
6/11/27,Friday
6/12/27,Saturday
6/13/27,Sunday
6/14/27,Monday
6/15/27,Tuesday
6/16/27,Wednesday
6/17/27,Thursday
6/18/27,Friday
6/19/27,Saturday
6/20/27,Sunday
6/21/27,Monday
6/22/27,Tuesday
6/23/27,Wednesday
6/24/27,Thursday
6/25/27,Friday
6/26/27,Saturday
6/27/27,Sunday
6/28/27,Monday
6/29/27,Tuesday
6/30/27,Wednesday
7/1/27,Thursday
7/2/27,Friday
7/3/27,Saturday
7/4/27,Sunday
7/5/27,Monday
7/6/27,Tuesday
7/7/27,Wednesday
7/8/27,Thursday
7/9/27,Friday
7/10/27,Saturday
7/11/27,Sunday
7/12/27,Monday
7/13/27,Tuesday
7/14/27,Wednesday
7/15/27,Thursday
7/16/27,Friday
7/17/27,Saturday
7/18/27,Sunday
7/19/27,Monday
7/20/27,Tuesday
7/21/27,Wednesday
7/22/27,Thursday
7/23/27,Friday
7/24/27,Saturday
7/25/27,Sunday
7/26/27,Monday
7/27/27,Tuesday
7/28/27,Wednesday
7/29/27,Thursday
7/30/27,Friday
7/31/27,Saturday
8/1/27,Sunday
8/2/27,Monday
8/3/27,Tuesday
8/4/27,Wednesday
8/5/27,Thursday
8/6/27,Friday
8/7/27,Saturday
8/8/27,Sunday
8/9/27,Monday
8/10/27,Tuesday
8/11/27,Wednesday
8/12/27,Thursday
8/13/27,Friday
8/14/27,Saturday
8/15/27,Sunday
8/16/27,Monday
8/17/27,Tuesday
8/18/27,Wednesday
8/19/27,Thursday
8/20/27,Friday
8/21/27,Saturday
8/22/27,Sunday
8/23/27,Monday
8/24/27,Tuesday
8/25/27,Wednesday
8/26/27,Thursday
8/27/27,Friday
8/28/27,Saturday
8/29/27,Sunday
8/30/27,Monday
8/31/27,Tuesday
9/1/27,Wednesday
9/2/27,Thursday
9/3/27,Friday
9/4/27,Saturday
9/5/27,Sunday
9/6/27,Monday
9/7/27,Tuesday
9/8/27,Wednesday
9/9/27,Thursday
9/10/27,Friday
9/11/27,Saturday
9/12/27,Sunday
9/13/27,Monday
9/14/27,Tuesday
9/15/27,Wednesday
9/16/27,Thursday
9/17/27,Friday
9/18/27,Saturday
9/19/27,Sunday
9/20/27,Monday
9/21/27,Tuesday
9/22/27,Wednesday
9/23/27,Thursday
9/24/27,Friday
9/25/27,Saturday
9/26/27,Sunday
9/27/27,Monday
9/28/27,Tuesday
9/29/27,Wednesday
9/30/27,Thursday
10/1/27,Friday
10/2/27,Saturday
10/3/27,Sunday
10/4/27,Monday
10/5/27,Tuesday
10/6/27,Wednesday
10/7/27,Thursday
10/8/27,Friday
10/9/27,Saturday
10/10/27,Sunday
10/11/27,Monday
10/12/27,Tuesday
10/13/27,Wednesday
10/14/27,Thursday
10/15/27,Friday
10/16/27,Saturday
10/17/27,Sunday
10/18/27,Monday
10/19/27,Tuesday
10/20/27,Wednesday
10/21/27,Thursday
10/22/27,Friday
10/23/27,Saturday
10/24/27,Sunday
10/25/27,Monday
10/26/27,Tuesday
10/27/27,Wednesday
10/28/27,Thursday
10/29/27,Friday
10/30/27,Saturday
10/31/27,Sunday
11/1/27,Monday
11/2/27,Tuesday
11/3/27,Wednesday
11/4/27,Thursday
11/5/27,Friday
11/6/27,Saturday
11/7/27,Sunday
11/8/27,Monday
11/9/27,Tuesday
11/10/27,Wednesday
11/11/27,Thursday
11/12/27,Friday
11/13/27,Saturday
11/14/27,Sunday
11/15/27,Monday
11/16/27,Tuesday
11/17/27,Wednesday
11/18/27,Thursday
11/19/27,Friday
11/20/27,Saturday
11/21/27,Sunday
11/22/27,Monday
11/23/27,Tuesday
11/24/27,Wednesday
11/25/27,Thursday
11/26/27,Friday
11/27/27,Saturday
11/28/27,Sunday
11/29/27,Monday
11/30/27,Tuesday
12/1/27,Wednesday
12/2/27,Thursday
12/3/27,Friday
12/4/27,Saturday
12/5/27,Sunday
12/6/27,Monday
12/7/27,Tuesday
12/8/27,Wednesday
12/9/27,Thursday
12/10/27,Friday
12/11/27,Saturday
12/12/27,Sunday
12/13/27,Monday
12/14/27,Tuesday
12/15/27,Wednesday
12/16/27,Thursday
12/17/27,Friday
12/18/27,Saturday
12/19/27,Sunday
12/20/27,Monday
12/21/27,Tuesday
12/22/27,Wednesday
12/23/27,Thursday
12/24/27,Friday
12/25/27,Saturday
12/26/27,Sunday
12/27/27,Monday
12/28/27,Tuesday
12/29/27,Wednesday
12/30/27,Thursday
12/31/27,Friday
1/1/28,Saturday
1/2/28,Sunday
1/3/28,Monday
1/4/28,Tuesday
1/5/28,Wednesday
1/6/28,Thursday
1/7/28,Friday
1/8/28,Saturday
1/9/28,Sunday
1/10/28,Monday
1/11/28,Tuesday
1/12/28,Wednesday
1/13/28,Thursday
1/14/28,Friday
1/15/28,Saturday
1/16/28,Sunday
1/17/28,Monday
1/18/28,Tuesday
1/19/28,Wednesday
1/20/28,Thursday
1/21/28,Friday
1/22/28,Saturday
1/23/28,Sunday
1/24/28,Monday
1/25/28,Tuesday
1/26/28,Wednesday
1/27/28,Thursday
1/28/28,Friday
1/29/28,Saturday
1/30/28,Sunday
1/31/28,Monday
2/1/28,Tuesday
2/2/28,Wednesday
2/3/28,Thursday
2/4/28,Friday
2/5/28,Saturday
2/6/28,Sunday
2/7/28,Monday
2/8/28,Tuesday
2/9/28,Wednesday
2/10/28,Thursday
2/11/28,Friday
2/12/28,Saturday
2/13/28,Sunday
2/14/28,Monday
2/15/28,Tuesday
2/16/28,Wednesday
2/17/28,Thursday
2/18/28,Friday
2/19/28,Saturday
2/20/28,Sunday
2/21/28,Monday
2/22/28,Tuesday
2/23/28,Wednesday
2/24/28,Thursday
2/25/28,Friday
2/26/28,Saturday
2/27/28,Sunday
2/28/28,Monday
2/29/28,Tuesday
3/1/28,Wednesday
3/2/28,Thursday
3/3/28,Friday
3/4/28,Saturday
3/5/28,Sunday
3/6/28,Monday
3/7/28,Tuesday
3/8/28,Wednesday
3/9/28,Thursday
3/10/28,Friday
3/11/28,Saturday
3/12/28,Sunday
3/13/28,Monday
3/14/28,Tuesday
3/15/28,Wednesday
3/16/28,Thursday
3/17/28,Friday
3/18/28,Saturday
3/19/28,Sunday
3/20/28,Monday
3/21/28,Tuesday
3/22/28,Wednesday
3/23/28,Thursday
3/24/28,Friday
3/25/28,Saturday
3/26/28,Sunday
3/27/28,Monday
3/28/28,Tuesday
3/29/28,Wednesday
3/30/28,Thursday
3/31/28,Friday
4/1/28,Saturday
4/2/28,Sunday
4/3/28,Monday
4/4/28,Tuesday
4/5/28,Wednesday
4/6/28,Thursday
4/7/28,Friday
4/8/28,Saturday
4/9/28,Sunday
4/10/28,Monday
4/11/28,Tuesday
4/12/28,Wednesday
4/13/28,Thursday
4/14/28,Friday
4/15/28,Saturday
4/16/28,Sunday
4/17/28,Monday
4/18/28,Tuesday
4/19/28,Wednesday
4/20/28,Thursday
4/21/28,Friday
4/22/28,Saturday
4/23/28,Sunday
4/24/28,Monday
4/25/28,Tuesday
4/26/28,Wednesday
4/27/28,Thursday
4/28/28,Friday
4/29/28,Saturday
4/30/28,Sunday
5/1/28,Monday
5/2/28,Tuesday
5/3/28,Wednesday
5/4/28,Thursday
5/5/28,Friday
5/6/28,Saturday
5/7/28,Sunday
5/8/28,Monday
5/9/28,Tuesday
5/10/28,Wednesday
5/11/28,Thursday
5/12/28,Friday
5/13/28,Saturday
5/14/28,Sunday
5/15/28,Monday
5/16/28,Tuesday
5/17/28,Wednesday
5/18/28,Thursday
5/19/28,Friday
5/20/28,Saturday
5/21/28,Sunday
5/22/28,Monday
5/23/28,Tuesday
5/24/28,Wednesday
5/25/28,Thursday
5/26/28,Friday
5/27/28,Saturday
5/28/28,Sunday
5/29/28,Monday
5/30/28,Tuesday
5/31/28,Wednesday
6/1/28,Thursday
6/2/28,Friday
6/3/28,Saturday
6/4/28,Sunday
6/5/28,Monday
6/6/28,Tuesday
6/7/28,Wednesday
6/8/28,Thursday
6/9/28,Friday
6/10/28,Saturday
6/11/28,Sunday
6/12/28,Monday
6/13/28,Tuesday
6/14/28,Wednesday
6/15/28,Thursday
6/16/28,Friday
6/17/28,Saturday
6/18/28,Sunday
6/19/28,Monday
6/20/28,Tuesday
6/21/28,Wednesday
6/22/28,Thursday
6/23/28,Friday
6/24/28,Saturday
6/25/28,Sunday
6/26/28,Monday
6/27/28,Tuesday
6/28/28,Wednesday
6/29/28,Thursday
6/30/28,Friday
7/1/28,Saturday
7/2/28,Sunday
7/3/28,Monday
7/4/28,Tuesday
7/5/28,Wednesday
7/6/28,Thursday
7/7/28,Friday
7/8/28,Saturday
7/9/28,Sunday
7/10/28,Monday
7/11/28,Tuesday
7/12/28,Wednesday
7/13/28,Thursday
7/14/28,Friday
7/15/28,Saturday
7/16/28,Sunday
7/17/28,Monday
7/18/28,Tuesday
7/19/28,Wednesday
7/20/28,Thursday
7/21/28,Friday
7/22/28,Saturday
7/23/28,Sunday
7/24/28,Monday
7/25/28,Tuesday
7/26/28,Wednesday
7/27/28,Thursday
7/28/28,Friday
7/29/28,Saturday
7/30/28,Sunday
7/31/28,Monday
8/1/28,Tuesday
8/2/28,Wednesday
8/3/28,Thursday
8/4/28,Friday
8/5/28,Saturday
8/6/28,Sunday
8/7/28,Monday
8/8/28,Tuesday
8/9/28,Wednesday
8/10/28,Thursday
8/11/28,Friday
8/12/28,Saturday
8/13/28,Sunday
8/14/28,Monday
8/15/28,Tuesday
8/16/28,Wednesday
8/17/28,Thursday
8/18/28,Friday
8/19/28,Saturday
8/20/28,Sunday
8/21/28,Monday
8/22/28,Tuesday
8/23/28,Wednesday
8/24/28,Thursday
8/25/28,Friday
8/26/28,Saturday
8/27/28,Sunday
8/28/28,Monday
8/29/28,Tuesday
8/30/28,Wednesday
8/31/28,Thursday
9/1/28,Friday
9/2/28,Saturday
9/3/28,Sunday
9/4/28,Monday
9/5/28,Tuesday
9/6/28,Wednesday
9/7/28,Thursday
9/8/28,Friday
9/9/28,Saturday
9/10/28,Sunday
9/11/28,Monday
9/12/28,Tuesday
9/13/28,Wednesday
9/14/28,Thursday
9/15/28,Friday
9/16/28,Saturday
9/17/28,Sunday
9/18/28,Monday
9/19/28,Tuesday
9/20/28,Wednesday
9/21/28,Thursday
9/22/28,Friday
9/23/28,Saturday
9/24/28,Sunday
9/25/28,Monday
9/26/28,Tuesday
9/27/28,Wednesday
9/28/28,Thursday
9/29/28,Friday
9/30/28,Saturday
10/1/28,Sunday
10/2/28,Monday
10/3/28,Tuesday
10/4/28,Wednesday
10/5/28,Thursday
10/6/28,Friday
10/7/28,Saturday
10/8/28,Sunday
10/9/28,Monday
10/10/28,Tuesday
10/11/28,Wednesday
10/12/28,Thursday
10/13/28,Friday
10/14/28,Saturday
10/15/28,Sunday
10/16/28,Monday
10/17/28,Tuesday
10/18/28,Wednesday
10/19/28,Thursday
10/20/28,Friday
10/21/28,Saturday
10/22/28,Sunday
10/23/28,Monday
10/24/28,Tuesday
10/25/28,Wednesday
10/26/28,Thursday
10/27/28,Friday
10/28/28,Saturday
10/29/28,Sunday
10/30/28,Monday
10/31/28,Tuesday
11/1/28,Wednesday
11/2/28,Thursday
11/3/28,Friday
11/4/28,Saturday
11/5/28,Sunday
11/6/28,Monday
11/7/28,Tuesday
11/8/28,Wednesday
11/9/28,Thursday
11/10/28,Friday
11/11/28,Saturday
11/12/28,Sunday
11/13/28,Monday
11/14/28,Tuesday
11/15/28,Wednesday
11/16/28,Thursday
11/17/28,Friday
11/18/28,Saturday
11/19/28,Sunday
11/20/28,Monday
11/21/28,Tuesday
11/22/28,Wednesday
11/23/28,Thursday
11/24/28,Friday
11/25/28,Saturday
11/26/28,Sunday
11/27/28,Monday
11/28/28,Tuesday
11/29/28,Wednesday
11/30/28,Thursday
12/1/28,Friday
12/2/28,Saturday
12/3/28,Sunday
12/4/28,Monday
12/5/28,Tuesday
12/6/28,Wednesday
12/7/28,Thursday
12/8/28,Friday
12/9/28,Saturday
12/10/28,Sunday
12/11/28,Monday
12/12/28,Tuesday
12/13/28,Wednesday
12/14/28,Thursday
12/15/28,Friday
12/16/28,Saturday
12/17/28,Sunday
12/18/28,Monday
12/19/28,Tuesday
12/20/28,Wednesday
12/21/28,Thursday
12/22/28,Friday
12/23/28,Saturday
12/24/28,Sunday
12/25/28,Monday
12/26/28,Tuesday
12/27/28,Wednesday
12/28/28,Thursday
12/29/28,Friday
12/30/28,Saturday
12/31/28,Sunday
1/1/29,Monday
1/2/29,Tuesday
1/3/29,Wednesday
1/4/29,Thursday
1/5/29,Friday
1/6/29,Saturday
1/7/29,Sunday
1/8/29,Monday
1/9/29,Tuesday
1/10/29,Wednesday
1/11/29,Thursday
1/12/29,Friday
1/13/29,Saturday
1/14/29,Sunday
1/15/29,Monday
1/16/29,Tuesday
1/17/29,Wednesday
1/18/29,Thursday
1/19/29,Friday
1/20/29,Saturday
1/21/29,Sunday
1/22/29,Monday
1/23/29,Tuesday
1/24/29,Wednesday
1/25/29,Thursday
1/26/29,Friday
1/27/29,Saturday
1/28/29,Sunday
1/29/29,Monday
1/30/29,Tuesday
1/31/29,Wednesday
2/1/29,Thursday
2/2/29,Friday
2/3/29,Saturday
2/4/29,Sunday
2/5/29,Monday
2/6/29,Tuesday
2/7/29,Wednesday
2/8/29,Thursday
2/9/29,Friday
2/10/29,Saturday
2/11/29,Sunday
2/12/29,Monday
2/13/29,Tuesday
2/14/29,Wednesday
2/15/29,Thursday
2/16/29,Friday
2/17/29,Saturday
2/18/29,Sunday
2/19/29,Monday
2/20/29,Tuesday
2/21/29,Wednesday
2/22/29,Thursday
2/23/29,Friday
2/24/29,Saturday
2/25/29,Sunday
2/26/29,Monday
2/27/29,Tuesday
2/28/29,Wednesday
3/1/29,Thursday
3/2/29,Friday
3/3/29,Saturday
3/4/29,Sunday
3/5/29,Monday
3/6/29,Tuesday
3/7/29,Wednesday
3/8/29,Thursday
3/9/29,Friday
3/10/29,Saturday
3/11/29,Sunday
3/12/29,Monday
3/13/29,Tuesday
3/14/29,Wednesday
3/15/29,Thursday
3/16/29,Friday
3/17/29,Saturday
3/18/29,Sunday
3/19/29,Monday
3/20/29,Tuesday
3/21/29,Wednesday
3/22/29,Thursday
3/23/29,Friday
3/24/29,Saturday
3/25/29,Sunday
3/26/29,Monday
3/27/29,Tuesday
3/28/29,Wednesday
3/29/29,Thursday
3/30/29,Friday
3/31/29,Saturday
4/1/29,Sunday
4/2/29,Monday
4/3/29,Tuesday
4/4/29,Wednesday
4/5/29,Thursday
4/6/29,Friday
4/7/29,Saturday
4/8/29,Sunday
4/9/29,Monday
4/10/29,Tuesday
4/11/29,Wednesday
4/12/29,Thursday
4/13/29,Friday
4/14/29,Saturday
4/15/29,Sunday
4/16/29,Monday
4/17/29,Tuesday
4/18/29,Wednesday
4/19/29,Thursday
4/20/29,Friday
4/21/29,Saturday
4/22/29,Sunday
4/23/29,Monday
4/24/29,Tuesday
4/25/29,Wednesday
4/26/29,Thursday
4/27/29,Friday
4/28/29,Saturday
4/29/29,Sunday
4/30/29,Monday
5/1/29,Tuesday
5/2/29,Wednesday
5/3/29,Thursday
5/4/29,Friday
5/5/29,Saturday
5/6/29,Sunday
5/7/29,Monday
5/8/29,Tuesday
5/9/29,Wednesday
5/10/29,Thursday
5/11/29,Friday
5/12/29,Saturday
5/13/29,Sunday
5/14/29,Monday
5/15/29,Tuesday
5/16/29,Wednesday
5/17/29,Thursday
5/18/29,Friday
5/19/29,Saturday
5/20/29,Sunday
5/21/29,Monday
5/22/29,Tuesday
5/23/29,Wednesday
5/24/29,Thursday
5/25/29,Friday
5/26/29,Saturday
5/27/29,Sunday
5/28/29,Monday
5/29/29,Tuesday
5/30/29,Wednesday
5/31/29,Thursday
6/1/29,Friday
6/2/29,Saturday
6/3/29,Sunday
6/4/29,Monday
6/5/29,Tuesday
6/6/29,Wednesday
6/7/29,Thursday
6/8/29,Friday
6/9/29,Saturday
6/10/29,Sunday
6/11/29,Monday
6/12/29,Tuesday
6/13/29,Wednesday
6/14/29,Thursday
6/15/29,Friday
6/16/29,Saturday
6/17/29,Sunday
6/18/29,Monday
6/19/29,Tuesday
6/20/29,Wednesday
6/21/29,Thursday
6/22/29,Friday
6/23/29,Saturday
6/24/29,Sunday
6/25/29,Monday
6/26/29,Tuesday
6/27/29,Wednesday
6/28/29,Thursday
6/29/29,Friday
6/30/29,Saturday
7/1/29,Sunday
7/2/29,Monday
7/3/29,Tuesday
7/4/29,Wednesday
7/5/29,Thursday
7/6/29,Friday
7/7/29,Saturday
7/8/29,Sunday
7/9/29,Monday
7/10/29,Tuesday
7/11/29,Wednesday
7/12/29,Thursday
7/13/29,Friday
7/14/29,Saturday
7/15/29,Sunday
7/16/29,Monday
7/17/29,Tuesday
7/18/29,Wednesday
7/19/29,Thursday
7/20/29,Friday
7/21/29,Saturday
7/22/29,Sunday
7/23/29,Monday
7/24/29,Tuesday
7/25/29,Wednesday
7/26/29,Thursday
7/27/29,Friday
7/28/29,Saturday
7/29/29,Sunday
7/30/29,Monday
7/31/29,Tuesday
8/1/29,Wednesday
8/2/29,Thursday
8/3/29,Friday
8/4/29,Saturday
8/5/29,Sunday
8/6/29,Monday
8/7/29,Tuesday
8/8/29,Wednesday
8/9/29,Thursday
8/10/29,Friday
8/11/29,Saturday
8/12/29,Sunday
8/13/29,Monday
8/14/29,Tuesday
8/15/29,Wednesday
8/16/29,Thursday
8/17/29,Friday
8/18/29,Saturday
8/19/29,Sunday
8/20/29,Monday
8/21/29,Tuesday
8/22/29,Wednesday
8/23/29,Thursday
8/24/29,Friday
8/25/29,Saturday
8/26/29,Sunday
8/27/29,Monday
8/28/29,Tuesday
8/29/29,Wednesday
8/30/29,Thursday
8/31/29,Friday
9/1/29,Saturday
9/2/29,Sunday
9/3/29,Monday
9/4/29,Tuesday
9/5/29,Wednesday
9/6/29,Thursday
9/7/29,Friday
9/8/29,Saturday
9/9/29,Sunday
9/10/29,Monday
9/11/29,Tuesday
9/12/29,Wednesday
9/13/29,Thursday
9/14/29,Friday
9/15/29,Saturday
9/16/29,Sunday
9/17/29,Monday
9/18/29,Tuesday
9/19/29,Wednesday
9/20/29,Thursday
9/21/29,Friday
9/22/29,Saturday
9/23/29,Sunday
9/24/29,Monday
9/25/29,Tuesday
9/26/29,Wednesday
9/27/29,Thursday
9/28/29,Friday
9/29/29,Saturday
9/30/29,Sunday
10/1/29,Monday
10/2/29,Tuesday
10/3/29,Wednesday
10/4/29,Thursday
10/5/29,Friday
10/6/29,Saturday
10/7/29,Sunday
10/8/29,Monday
10/9/29,Tuesday
10/10/29,Wednesday
10/11/29,Thursday
10/12/29,Friday
10/13/29,Saturday
10/14/29,Sunday
10/15/29,Monday
10/16/29,Tuesday
10/17/29,Wednesday
10/18/29,Thursday
10/19/29,Friday
10/20/29,Saturday
10/21/29,Sunday
10/22/29,Monday
10/23/29,Tuesday
10/24/29,Wednesday
10/25/29,Thursday
10/26/29,Friday
10/27/29,Saturday
10/28/29,Sunday
10/29/29,Monday
10/30/29,Tuesday
10/31/29,Wednesday
11/1/29,Thursday
11/2/29,Friday
11/3/29,Saturday
11/4/29,Sunday
11/5/29,Monday
11/6/29,Tuesday
11/7/29,Wednesday
11/8/29,Thursday
11/9/29,Friday
11/10/29,Saturday
11/11/29,Sunday
11/12/29,Monday
11/13/29,Tuesday
11/14/29,Wednesday
11/15/29,Thursday
11/16/29,Friday
11/17/29,Saturday
11/18/29,Sunday
11/19/29,Monday
11/20/29,Tuesday
11/21/29,Wednesday
11/22/29,Thursday
11/23/29,Friday
11/24/29,Saturday
11/25/29,Sunday
11/26/29,Monday
11/27/29,Tuesday
11/28/29,Wednesday
11/29/29,Thursday
11/30/29,Friday
12/1/29,Saturday
12/2/29,Sunday
12/3/29,Monday
12/4/29,Tuesday
12/5/29,Wednesday
12/6/29,Thursday
12/7/29,Friday
12/8/29,Saturday
12/9/29,Sunday
12/10/29,Monday
12/11/29,Tuesday
12/12/29,Wednesday
12/13/29,Thursday
12/14/29,Friday
12/15/29,Saturday
12/16/29,Sunday
12/17/29,Monday
12/18/29,Tuesday
12/19/29,Wednesday
12/20/29,Thursday
12/21/29,Friday
12/22/29,Saturday
12/23/29,Sunday
12/24/29,Monday
12/25/29,Tuesday
12/26/29,Wednesday
12/27/29,Thursday
12/28/29,Friday
12/29/29,Saturday
12/30/29,Sunday
12/31/29,Monday
1/1/30,Tuesday
1/2/30,Wednesday
1/3/30,Thursday
1/4/30,Friday
1/5/30,Saturday
1/6/30,Sunday
1/7/30,Monday
1/8/30,Tuesday
1/9/30,Wednesday
1/10/30,Thursday
1/11/30,Friday
1/12/30,Saturday
1/13/30,Sunday
1/14/30,Monday
1/15/30,Tuesday
1/16/30,Wednesday
1/17/30,Thursday
1/18/30,Friday
1/19/30,Saturday
1/20/30,Sunday
1/21/30,Monday
1/22/30,Tuesday
1/23/30,Wednesday
1/24/30,Thursday
1/25/30,Friday
1/26/30,Saturday
1/27/30,Sunday
1/28/30,Monday
1/29/30,Tuesday
1/30/30,Wednesday
1/31/30,Thursday
2/1/30,Friday
2/2/30,Saturday
2/3/30,Sunday
2/4/30,Monday
2/5/30,Tuesday
2/6/30,Wednesday
2/7/30,Thursday
2/8/30,Friday
2/9/30,Saturday
2/10/30,Sunday
2/11/30,Monday
2/12/30,Tuesday
2/13/30,Wednesday
2/14/30,Thursday
2/15/30,Friday
2/16/30,Saturday
2/17/30,Sunday
2/18/30,Monday
2/19/30,Tuesday
2/20/30,Wednesday
2/21/30,Thursday
2/22/30,Friday
2/23/30,Saturday
2/24/30,Sunday
2/25/30,Monday
2/26/30,Tuesday
2/27/30,Wednesday
2/28/30,Thursday
3/1/30,Friday
3/2/30,Saturday
3/3/30,Sunday
3/4/30,Monday
3/5/30,Tuesday
3/6/30,Wednesday
3/7/30,Thursday
3/8/30,Friday
3/9/30,Saturday
3/10/30,Sunday
3/11/30,Monday
3/12/30,Tuesday
3/13/30,Wednesday
3/14/30,Thursday
3/15/30,Friday
3/16/30,Saturday
3/17/30,Sunday
3/18/30,Monday
3/19/30,Tuesday
3/20/30,Wednesday
3/21/30,Thursday
3/22/30,Friday
3/23/30,Saturday
3/24/30,Sunday
3/25/30,Monday
3/26/30,Tuesday
3/27/30,Wednesday
3/28/30,Thursday
3/29/30,Friday
3/30/30,Saturday
3/31/30,Sunday
4/1/30,Monday
4/2/30,Tuesday
4/3/30,Wednesday
4/4/30,Thursday
4/5/30,Friday
4/6/30,Saturday
4/7/30,Sunday
4/8/30,Monday
4/9/30,Tuesday
4/10/30,Wednesday
4/11/30,Thursday
4/12/30,Friday
4/13/30,Saturday
4/14/30,Sunday
4/15/30,Monday
4/16/30,Tuesday
4/17/30,Wednesday
4/18/30,Thursday
4/19/30,Friday
4/20/30,Saturday
4/21/30,Sunday
4/22/30,Monday
4/23/30,Tuesday
4/24/30,Wednesday
4/25/30,Thursday
4/26/30,Friday
4/27/30,Saturday
4/28/30,Sunday
4/29/30,Monday
4/30/30,Tuesday
5/1/30,Wednesday
5/2/30,Thursday
5/3/30,Friday
5/4/30,Saturday
5/5/30,Sunday
5/6/30,Monday
5/7/30,Tuesday
5/8/30,Wednesday
5/9/30,Thursday
5/10/30,Friday
5/11/30,Saturday
5/12/30,Sunday
5/13/30,Monday
5/14/30,Tuesday
5/15/30,Wednesday
5/16/30,Thursday
5/17/30,Friday
5/18/30,Saturday
5/19/30,Sunday
5/20/30,Monday
5/21/30,Tuesday
5/22/30,Wednesday
5/23/30,Thursday
5/24/30,Friday
5/25/30,Saturday
5/26/30,Sunday
5/27/30,Monday
5/28/30,Tuesday
5/29/30,Wednesday
5/30/30,Thursday
5/31/30,Friday
6/1/30,Saturday
6/2/30,Sunday
6/3/30,Monday
6/4/30,Tuesday
6/5/30,Wednesday
6/6/30,Thursday
6/7/30,Friday
6/8/30,Saturday
6/9/30,Sunday
6/10/30,Monday
6/11/30,Tuesday
6/12/30,Wednesday
6/13/30,Thursday
6/14/30,Friday
6/15/30,Saturday
6/16/30,Sunday
6/17/30,Monday
6/18/30,Tuesday
6/19/30,Wednesday
6/20/30,Thursday
6/21/30,Friday
6/22/30,Saturday
6/23/30,Sunday
6/24/30,Monday
6/25/30,Tuesday
6/26/30,Wednesday
6/27/30,Thursday
6/28/30,Friday
6/29/30,Saturday
6/30/30,Sunday
7/1/30,Monday
7/2/30,Tuesday
7/3/30,Wednesday
7/4/30,Thursday
7/5/30,Friday
7/6/30,Saturday
7/7/30,Sunday
7/8/30,Monday
7/9/30,Tuesday
7/10/30,Wednesday
7/11/30,Thursday
7/12/30,Friday
7/13/30,Saturday
7/14/30,Sunday
7/15/30,Monday
7/16/30,Tuesday
7/17/30,Wednesday
7/18/30,Thursday
7/19/30,Friday
7/20/30,Saturday
7/21/30,Sunday
7/22/30,Monday
7/23/30,Tuesday
7/24/30,Wednesday
7/25/30,Thursday
7/26/30,Friday
7/27/30,Saturday
7/28/30,Sunday
7/29/30,Monday
7/30/30,Tuesday
7/31/30,Wednesday
8/1/30,Thursday
8/2/30,Friday
8/3/30,Saturday
8/4/30,Sunday
8/5/30,Monday
8/6/30,Tuesday
8/7/30,Wednesday
8/8/30,Thursday
8/9/30,Friday
8/10/30,Saturday
8/11/30,Sunday
8/12/30,Monday
8/13/30,Tuesday
8/14/30,Wednesday
8/15/30,Thursday
8/16/30,Friday
8/17/30,Saturday
8/18/30,Sunday
8/19/30,Monday
8/20/30,Tuesday
8/21/30,Wednesday
8/22/30,Thursday
8/23/30,Friday
8/24/30,Saturday
8/25/30,Sunday
8/26/30,Monday
8/27/30,Tuesday
8/28/30,Wednesday
8/29/30,Thursday
8/30/30,Friday
8/31/30,Saturday
9/1/30,Sunday
9/2/30,Monday
9/3/30,Tuesday
9/4/30,Wednesday
9/5/30,Thursday
9/6/30,Friday
9/7/30,Saturday
9/8/30,Sunday
9/9/30,Monday
9/10/30,Tuesday
9/11/30,Wednesday
9/12/30,Thursday
9/13/30,Friday
9/14/30,Saturday
9/15/30,Sunday
9/16/30,Monday
9/17/30,Tuesday
9/18/30,Wednesday
9/19/30,Thursday
9/20/30,Friday
9/21/30,Saturday
9/22/30,Sunday
9/23/30,Monday
9/24/30,Tuesday
9/25/30,Wednesday
9/26/30,Thursday
9/27/30,Friday
9/28/30,Saturday
9/29/30,Sunday
9/30/30,Monday
10/1/30,Tuesday
10/2/30,Wednesday
10/3/30,Thursday
10/4/30,Friday
10/5/30,Saturday
10/6/30,Sunday
10/7/30,Monday
10/8/30,Tuesday
10/9/30,Wednesday
10/10/30,Thursday
10/11/30,Friday
10/12/30,Saturday
10/13/30,Sunday
10/14/30,Monday
10/15/30,Tuesday
10/16/30,Wednesday
10/17/30,Thursday
10/18/30,Friday
10/19/30,Saturday
10/20/30,Sunday
10/21/30,Monday
10/22/30,Tuesday
10/23/30,Wednesday
10/24/30,Thursday
10/25/30,Friday
10/26/30,Saturday
10/27/30,Sunday
10/28/30,Monday
10/29/30,Tuesday
10/30/30,Wednesday
10/31/30,Thursday
11/1/30,Friday
11/2/30,Saturday
11/3/30,Sunday
11/4/30,Monday
11/5/30,Tuesday
11/6/30,Wednesday
11/7/30,Thursday
11/8/30,Friday
11/9/30,Saturday
11/10/30,Sunday
11/11/30,Monday
11/12/30,Tuesday
11/13/30,Wednesday
11/14/30,Thursday
11/15/30,Friday
11/16/30,Saturday
11/17/30,Sunday
11/18/30,Monday
11/19/30,Tuesday
11/20/30,Wednesday
11/21/30,Thursday
11/22/30,Friday
11/23/30,Saturday
11/24/30,Sunday
11/25/30,Monday
11/26/30,Tuesday
11/27/30,Wednesday
11/28/30,Thursday
11/29/30,Friday
11/30/30,Saturday
12/1/30,Sunday
12/2/30,Monday
12/3/30,Tuesday
12/4/30,Wednesday
12/5/30,Thursday
12/6/30,Friday
12/7/30,Saturday
12/8/30,Sunday
12/9/30,Monday
12/10/30,Tuesday
12/11/30,Wednesday
12/12/30,Thursday
12/13/30,Friday
12/14/30,Saturday
12/15/30,Sunday
12/16/30,Monday
12/17/30,Tuesday
12/18/30,Wednesday
12/19/30,Thursday
12/20/30,Friday
12/21/30,Saturday
12/22/30,Sunday
12/23/30,Monday
12/24/30,Tuesday
12/25/30,Wednesday
12/26/30,Thursday
12/27/30,Friday
12/28/30,Saturday
12/29/30,Sunday
12/30/30,Monday
12/31/30,Tuesday
1/1/31,Wednesday
1/2/31,Thursday
1/3/31,Friday
1/4/31,Saturday
1/5/31,Sunday
1/6/31,Monday
1/7/31,Tuesday
1/8/31,Wednesday
1/9/31,Thursday
1/10/31,Friday
1/11/31,Saturday
1/12/31,Sunday
1/13/31,Monday
1/14/31,Tuesday
1/15/31,Wednesday
1/16/31,Thursday
1/17/31,Friday
1/18/31,Saturday
1/19/31,Sunday
1/20/31,Monday
1/21/31,Tuesday
1/22/31,Wednesday
1/23/31,Thursday
1/24/31,Friday
1/25/31,Saturday
1/26/31,Sunday
1/27/31,Monday
1/28/31,Tuesday
1/29/31,Wednesday
1/30/31,Thursday
1/31/31,Friday
2/1/31,Saturday
2/2/31,Sunday
2/3/31,Monday
2/4/31,Tuesday
2/5/31,Wednesday
2/6/31,Thursday
2/7/31,Friday
2/8/31,Saturday
2/9/31,Sunday
2/10/31,Monday
2/11/31,Tuesday
2/12/31,Wednesday
2/13/31,Thursday
2/14/31,Friday
2/15/31,Saturday
2/16/31,Sunday
2/17/31,Monday
2/18/31,Tuesday
2/19/31,Wednesday
2/20/31,Thursday
2/21/31,Friday
2/22/31,Saturday
2/23/31,Sunday
2/24/31,Monday
2/25/31,Tuesday
2/26/31,Wednesday
2/27/31,Thursday
2/28/31,Friday
3/1/31,Saturday
3/2/31,Sunday
3/3/31,Monday
3/4/31,Tuesday
3/5/31,Wednesday
3/6/31,Thursday
3/7/31,Friday
3/8/31,Saturday
3/9/31,Sunday
3/10/31,Monday
3/11/31,Tuesday
3/12/31,Wednesday
3/13/31,Thursday
3/14/31,Friday
3/15/31,Saturday
3/16/31,Sunday
3/17/31,Monday
3/18/31,Tuesday
3/19/31,Wednesday
3/20/31,Thursday
3/21/31,Friday
3/22/31,Saturday
3/23/31,Sunday
3/24/31,Monday
3/25/31,Tuesday
3/26/31,Wednesday
3/27/31,Thursday
3/28/31,Friday
3/29/31,Saturday
3/30/31,Sunday
3/31/31,Monday
4/1/31,Tuesday
4/2/31,Wednesday
4/3/31,Thursday
4/4/31,Friday
4/5/31,Saturday
4/6/31,Sunday
4/7/31,Monday
4/8/31,Tuesday
4/9/31,Wednesday
4/10/31,Thursday
4/11/31,Friday
4/12/31,Saturday
4/13/31,Sunday
4/14/31,Monday
4/15/31,Tuesday
4/16/31,Wednesday
4/17/31,Thursday
4/18/31,Friday
4/19/31,Saturday
4/20/31,Sunday
4/21/31,Monday
4/22/31,Tuesday
4/23/31,Wednesday
4/24/31,Thursday
4/25/31,Friday
4/26/31,Saturday
4/27/31,Sunday
4/28/31,Monday
4/29/31,Tuesday
4/30/31,Wednesday
5/1/31,Thursday
5/2/31,Friday
5/3/31,Saturday
5/4/31,Sunday
5/5/31,Monday
5/6/31,Tuesday
5/7/31,Wednesday
5/8/31,Thursday
5/9/31,Friday
5/10/31,Saturday
5/11/31,Sunday
5/12/31,Monday
5/13/31,Tuesday
5/14/31,Wednesday
5/15/31,Thursday
5/16/31,Friday
5/17/31,Saturday
5/18/31,Sunday
5/19/31,Monday
5/20/31,Tuesday
5/21/31,Wednesday
5/22/31,Thursday
5/23/31,Friday
5/24/31,Saturday
5/25/31,Sunday
5/26/31,Monday
5/27/31,Tuesday
5/28/31,Wednesday
5/29/31,Thursday
5/30/31,Friday
5/31/31,Saturday
6/1/31,Sunday
6/2/31,Monday
6/3/31,Tuesday
6/4/31,Wednesday
6/5/31,Thursday
6/6/31,Friday
6/7/31,Saturday
6/8/31,Sunday
6/9/31,Monday
6/10/31,Tuesday
6/11/31,Wednesday
6/12/31,Thursday
6/13/31,Friday
6/14/31,Saturday
6/15/31,Sunday
6/16/31,Monday
6/17/31,Tuesday
6/18/31,Wednesday
6/19/31,Thursday
6/20/31,Friday
6/21/31,Saturday
6/22/31,Sunday
6/23/31,Monday
6/24/31,Tuesday
6/25/31,Wednesday
6/26/31,Thursday
6/27/31,Friday
6/28/31,Saturday
6/29/31,Sunday
6/30/31,Monday
7/1/31,Tuesday
7/2/31,Wednesday
7/3/31,Thursday
7/4/31,Friday
7/5/31,Saturday
7/6/31,Sunday
7/7/31,Monday
7/8/31,Tuesday
7/9/31,Wednesday
7/10/31,Thursday
7/11/31,Friday
7/12/31,Saturday
7/13/31,Sunday
7/14/31,Monday
7/15/31,Tuesday
7/16/31,Wednesday
7/17/31,Thursday
7/18/31,Friday
7/19/31,Saturday
7/20/31,Sunday
7/21/31,Monday
7/22/31,Tuesday
7/23/31,Wednesday
7/24/31,Thursday
7/25/31,Friday
7/26/31,Saturday
7/27/31,Sunday
7/28/31,Monday
7/29/31,Tuesday
7/30/31,Wednesday
7/31/31,Thursday
8/1/31,Friday
8/2/31,Saturday
8/3/31,Sunday
8/4/31,Monday
8/5/31,Tuesday
8/6/31,Wednesday
8/7/31,Thursday
8/8/31,Friday
8/9/31,Saturday
8/10/31,Sunday
8/11/31,Monday
8/12/31,Tuesday
8/13/31,Wednesday
8/14/31,Thursday
8/15/31,Friday
8/16/31,Saturday
8/17/31,Sunday
8/18/31,Monday
8/19/31,Tuesday
8/20/31,Wednesday
8/21/31,Thursday
8/22/31,Friday
8/23/31,Saturday
8/24/31,Sunday
8/25/31,Monday
8/26/31,Tuesday
8/27/31,Wednesday
8/28/31,Thursday
8/29/31,Friday
8/30/31,Saturday
8/31/31,Sunday
9/1/31,Monday
9/2/31,Tuesday
9/3/31,Wednesday
9/4/31,Thursday
9/5/31,Friday
9/6/31,Saturday
9/7/31,Sunday
9/8/31,Monday
9/9/31,Tuesday
9/10/31,Wednesday
9/11/31,Thursday
9/12/31,Friday
9/13/31,Saturday
9/14/31,Sunday
9/15/31,Monday
9/16/31,Tuesday
9/17/31,Wednesday
9/18/31,Thursday
9/19/31,Friday
9/20/31,Saturday
9/21/31,Sunday
9/22/31,Monday
9/23/31,Tuesday
9/24/31,Wednesday
9/25/31,Thursday
9/26/31,Friday
9/27/31,Saturday
9/28/31,Sunday
9/29/31,Monday
9/30/31,Tuesday
10/1/31,Wednesday
10/2/31,Thursday
10/3/31,Friday
10/4/31,Saturday
10/5/31,Sunday
10/6/31,Monday
10/7/31,Tuesday
10/8/31,Wednesday
10/9/31,Thursday
10/10/31,Friday
10/11/31,Saturday
10/12/31,Sunday
10/13/31,Monday
10/14/31,Tuesday
10/15/31,Wednesday
10/16/31,Thursday
10/17/31,Friday
10/18/31,Saturday
10/19/31,Sunday
10/20/31,Monday
10/21/31,Tuesday
10/22/31,Wednesday
10/23/31,Thursday
10/24/31,Friday
10/25/31,Saturday
10/26/31,Sunday
10/27/31,Monday
10/28/31,Tuesday
10/29/31,Wednesday
10/30/31,Thursday
10/31/31,Friday
11/1/31,Saturday
11/2/31,Sunday
11/3/31,Monday
11/4/31,Tuesday
11/5/31,Wednesday
11/6/31,Thursday
11/7/31,Friday
11/8/31,Saturday
11/9/31,Sunday
11/10/31,Monday
11/11/31,Tuesday
11/12/31,Wednesday
11/13/31,Thursday
11/14/31,Friday
11/15/31,Saturday
11/16/31,Sunday
11/17/31,Monday
11/18/31,Tuesday
11/19/31,Wednesday
11/20/31,Thursday
11/21/31,Friday
11/22/31,Saturday
11/23/31,Sunday
11/24/31,Monday
11/25/31,Tuesday
11/26/31,Wednesday
11/27/31,Thursday
11/28/31,Friday
11/29/31,Saturday
11/30/31,Sunday
12/1/31,Monday
12/2/31,Tuesday
12/3/31,Wednesday
12/4/31,Thursday
12/5/31,Friday
12/6/31,Saturday
12/7/31,Sunday
12/8/31,Monday
12/9/31,Tuesday
12/10/31,Wednesday
12/11/31,Thursday
12/12/31,Friday
12/13/31,Saturday
12/14/31,Sunday
12/15/31,Monday
12/16/31,Tuesday
12/17/31,Wednesday
12/18/31,Thursday
12/19/31,Friday
12/20/31,Saturday
12/21/31,Sunday
12/22/31,Monday
12/23/31,Tuesday
12/24/31,Wednesday
12/25/31,Thursday
12/26/31,Friday
12/27/31,Saturday
12/28/31,Sunday
12/29/31,Monday
12/30/31,Tuesday
12/31/31,Wednesday
1/1/32,Thursday
1/2/32,Friday
1/3/32,Saturday
1/4/32,Sunday
1/5/32,Monday
1/6/32,Tuesday
1/7/32,Wednesday
1/8/32,Thursday
1/9/32,Friday
1/10/32,Saturday
1/11/32,Sunday
1/12/32,Monday
1/13/32,Tuesday
1/14/32,Wednesday
1/15/32,Thursday
1/16/32,Friday
1/17/32,Saturday
1/18/32,Sunday
1/19/32,Monday
1/20/32,Tuesday
1/21/32,Wednesday
1/22/32,Thursday
1/23/32,Friday
1/24/32,Saturday
1/25/32,Sunday
1/26/32,Monday
1/27/32,Tuesday
1/28/32,Wednesday
1/29/32,Thursday
1/30/32,Friday
1/31/32,Saturday
2/1/32,Sunday
2/2/32,Monday
2/3/32,Tuesday
2/4/32,Wednesday
2/5/32,Thursday
2/6/32,Friday
2/7/32,Saturday
2/8/32,Sunday
2/9/32,Monday
2/10/32,Tuesday
2/11/32,Wednesday
2/12/32,Thursday
2/13/32,Friday
2/14/32,Saturday
2/15/32,Sunday
2/16/32,Monday
2/17/32,Tuesday
2/18/32,Wednesday
2/19/32,Thursday
2/20/32,Friday
2/21/32,Saturday
2/22/32,Sunday
2/23/32,Monday
2/24/32,Tuesday
2/25/32,Wednesday
2/26/32,Thursday
2/27/32,Friday
2/28/32,Saturday
2/29/32,Sunday
3/1/32,Monday
3/2/32,Tuesday
3/3/32,Wednesday
3/4/32,Thursday
3/5/32,Friday
3/6/32,Saturday
3/7/32,Sunday
3/8/32,Monday
3/9/32,Tuesday
3/10/32,Wednesday
3/11/32,Thursday
3/12/32,Friday
3/13/32,Saturday
3/14/32,Sunday
3/15/32,Monday
3/16/32,Tuesday
3/17/32,Wednesday
3/18/32,Thursday
3/19/32,Friday
3/20/32,Saturday
3/21/32,Sunday
3/22/32,Monday
3/23/32,Tuesday
3/24/32,Wednesday
3/25/32,Thursday
3/26/32,Friday
3/27/32,Saturday
3/28/32,Sunday
3/29/32,Monday
3/30/32,Tuesday
3/31/32,Wednesday
4/1/32,Thursday
4/2/32,Friday
4/3/32,Saturday
4/4/32,Sunday
4/5/32,Monday
4/6/32,Tuesday
4/7/32,Wednesday
4/8/32,Thursday
4/9/32,Friday
4/10/32,Saturday
4/11/32,Sunday
4/12/32,Monday
4/13/32,Tuesday
4/14/32,Wednesday
4/15/32,Thursday
4/16/32,Friday
4/17/32,Saturday
4/18/32,Sunday
4/19/32,Monday
4/20/32,Tuesday
4/21/32,Wednesday
4/22/32,Thursday
4/23/32,Friday
4/24/32,Saturday
4/25/32,Sunday
4/26/32,Monday
4/27/32,Tuesday
4/28/32,Wednesday
4/29/32,Thursday
4/30/32,Friday
5/1/32,Saturday
5/2/32,Sunday
5/3/32,Monday
5/4/32,Tuesday
5/5/32,Wednesday
5/6/32,Thursday
5/7/32,Friday
5/8/32,Saturday
5/9/32,Sunday
5/10/32,Monday
5/11/32,Tuesday
5/12/32,Wednesday
5/13/32,Thursday
5/14/32,Friday
5/15/32,Saturday
5/16/32,Sunday
5/17/32,Monday
5/18/32,Tuesday
5/19/32,Wednesday
5/20/32,Thursday
5/21/32,Friday
5/22/32,Saturday
5/23/32,Sunday
5/24/32,Monday
5/25/32,Tuesday
5/26/32,Wednesday
5/27/32,Thursday
5/28/32,Friday
5/29/32,Saturday
5/30/32,Sunday
5/31/32,Monday
6/1/32,Tuesday
6/2/32,Wednesday
6/3/32,Thursday
6/4/32,Friday
6/5/32,Saturday
6/6/32,Sunday
6/7/32,Monday
6/8/32,Tuesday
6/9/32,Wednesday
6/10/32,Thursday
6/11/32,Friday
6/12/32,Saturday
6/13/32,Sunday
6/14/32,Monday
6/15/32,Tuesday
6/16/32,Wednesday
6/17/32,Thursday
6/18/32,Friday
6/19/32,Saturday
6/20/32,Sunday
6/21/32,Monday
6/22/32,Tuesday
6/23/32,Wednesday
6/24/32,Thursday
6/25/32,Friday
6/26/32,Saturday
6/27/32,Sunday
6/28/32,Monday
6/29/32,Tuesday
6/30/32,Wednesday
7/1/32,Thursday
7/2/32,Friday
7/3/32,Saturday
7/4/32,Sunday
7/5/32,Monday
7/6/32,Tuesday
7/7/32,Wednesday
7/8/32,Thursday
7/9/32,Friday
7/10/32,Saturday
7/11/32,Sunday
7/12/32,Monday
7/13/32,Tuesday
7/14/32,Wednesday
7/15/32,Thursday
7/16/32,Friday
7/17/32,Saturday
7/18/32,Sunday
7/19/32,Monday
7/20/32,Tuesday
7/21/32,Wednesday
7/22/32,Thursday
7/23/32,Friday
7/24/32,Saturday
7/25/32,Sunday
7/26/32,Monday
7/27/32,Tuesday
7/28/32,Wednesday
7/29/32,Thursday
7/30/32,Friday
7/31/32,Saturday
8/1/32,Sunday
8/2/32,Monday
8/3/32,Tuesday
8/4/32,Wednesday
8/5/32,Thursday
8/6/32,Friday
8/7/32,Saturday
8/8/32,Sunday
8/9/32,Monday
8/10/32,Tuesday
8/11/32,Wednesday
8/12/32,Thursday
8/13/32,Friday
8/14/32,Saturday
8/15/32,Sunday
8/16/32,Monday
8/17/32,Tuesday
8/18/32,Wednesday
8/19/32,Thursday
8/20/32,Friday
8/21/32,Saturday
8/22/32,Sunday
8/23/32,Monday
8/24/32,Tuesday
8/25/32,Wednesday
8/26/32,Thursday
8/27/32,Friday
8/28/32,Saturday
8/29/32,Sunday
8/30/32,Monday
8/31/32,Tuesday
9/1/32,Wednesday
9/2/32,Thursday
9/3/32,Friday
9/4/32,Saturday
9/5/32,Sunday
9/6/32,Monday
9/7/32,Tuesday
9/8/32,Wednesday
9/9/32,Thursday
9/10/32,Friday
9/11/32,Saturday
9/12/32,Sunday
9/13/32,Monday
9/14/32,Tuesday
9/15/32,Wednesday
9/16/32,Thursday
9/17/32,Friday
9/18/32,Saturday
9/19/32,Sunday
9/20/32,Monday
9/21/32,Tuesday
9/22/32,Wednesday
9/23/32,Thursday
9/24/32,Friday
9/25/32,Saturday
9/26/32,Sunday
9/27/32,Monday
9/28/32,Tuesday
9/29/32,Wednesday
9/30/32,Thursday
10/1/32,Friday
10/2/32,Saturday
10/3/32,Sunday
10/4/32,Monday
10/5/32,Tuesday
10/6/32,Wednesday
10/7/32,Thursday
10/8/32,Friday
10/9/32,Saturday
10/10/32,Sunday
10/11/32,Monday
10/12/32,Tuesday
10/13/32,Wednesday
10/14/32,Thursday
10/15/32,Friday
10/16/32,Saturday
10/17/32,Sunday
10/18/32,Monday
10/19/32,Tuesday
10/20/32,Wednesday
10/21/32,Thursday
10/22/32,Friday
10/23/32,Saturday
10/24/32,Sunday
10/25/32,Monday
10/26/32,Tuesday
10/27/32,Wednesday
10/28/32,Thursday
10/29/32,Friday
10/30/32,Saturday
10/31/32,Sunday
11/1/32,Monday
11/2/32,Tuesday
11/3/32,Wednesday
11/4/32,Thursday
11/5/32,Friday
11/6/32,Saturday
11/7/32,Sunday
11/8/32,Monday
11/9/32,Tuesday
11/10/32,Wednesday
11/11/32,Thursday
11/12/32,Friday
11/13/32,Saturday
11/14/32,Sunday
11/15/32,Monday
11/16/32,Tuesday
11/17/32,Wednesday
11/18/32,Thursday
11/19/32,Friday
11/20/32,Saturday
11/21/32,Sunday
11/22/32,Monday
11/23/32,Tuesday
11/24/32,Wednesday
11/25/32,Thursday
11/26/32,Friday
11/27/32,Saturday
11/28/32,Sunday
11/29/32,Monday
11/30/32,Tuesday
12/1/32,Wednesday
12/2/32,Thursday
12/3/32,Friday
12/4/32,Saturday
12/5/32,Sunday
12/6/32,Monday
12/7/32,Tuesday
12/8/32,Wednesday
12/9/32,Thursday
12/10/32,Friday
12/11/32,Saturday
12/12/32,Sunday
12/13/32,Monday
12/14/32,Tuesday
12/15/32,Wednesday
12/16/32,Thursday
12/17/32,Friday
12/18/32,Saturday
12/19/32,Sunday
12/20/32,Monday
12/21/32,Tuesday
12/22/32,Wednesday
12/23/32,Thursday
12/24/32,Friday
12/25/32,Saturday
12/26/32,Sunday
12/27/32,Monday
12/28/32,Tuesday
12/29/32,Wednesday
12/30/32,Thursday
12/31/32,Friday
1/1/33,Saturday
1/2/33,Sunday
1/3/33,Monday
1/4/33,Tuesday
1/5/33,Wednesday
1/6/33,Thursday
1/7/33,Friday
1/8/33,Saturday
1/9/33,Sunday
1/10/33,Monday
1/11/33,Tuesday
1/12/33,Wednesday
1/13/33,Thursday
1/14/33,Friday
1/15/33,Saturday
1/16/33,Sunday
1/17/33,Monday
1/18/33,Tuesday
1/19/33,Wednesday
1/20/33,Thursday
1/21/33,Friday
1/22/33,Saturday
1/23/33,Sunday
1/24/33,Monday
1/25/33,Tuesday
1/26/33,Wednesday